03;20;001;999;09;13;00;25;0211;00001007;00187;0001;00001007;10000;0000;00000000;00000;0000;00000000;00000;0000;00000000;00000;0000;00000000;00000;0000;00000000;00000;0000;00000000;00000;0000;00000000;00000;0000;00000000;00000;0000;00000000;00000;0000;00000000;00000;0000;00000000;00000;0000;00000000;00000;0000;00000000;00000;0000;00000000;00000;0000;00000000;00000;0000;00000000;00000;0000;00000000;00000;0000;00000000;00000;0000;00000000;00000;0000;00000000;00000;0000;00000000;00000;0000;00000000;00000;0000;00000000;00000;0000;00000000;00000;0000;00000000;00000;0000;00000000;00000;0000;00000000;00000;0000;00000000;00000;0000;00000000;00000;0000;00000000;00000;0000;00000000;00000;0000;00000000;00000;0000;00000000;00000;0000;00000000;00000;0000;00000000;00000;0000;00000000;00000;0000;00000000;00000;0000;00000000;00000;0000;00000000;00000;0000;00000000;00000;0000;00000000;00000;0000;00000000;00000;0000;00000000;00000;0000;00000000;00000
03;20;001;999;09;13;00;25;0212;00016845;03137;0001;00016845;10000;0000;00000000;00000;0000;00000000;00000;0000;00000000;00000;0000;00000000;00000;0000;00000000;00000;0000;00000000;00000;0000;00000000;00000;0000;00000000;00000;0000;00000000;00000;0000;00000000;00000;0000;00000000;00000;0000;00000000;00000;0000;00000000;00000;0000;00000000;00000;0000;00000000;00000;0000;00000000;00000;0000;00000000;00000;0000;00000000;00000;0000;00000000;00000;0000;00000000;00000;0000;00000000;00000;0000;00000000;00000;0000;00000000;00000;0000;00000000;00000;0000;00000000;00000;0000;00000000;00000;0000;00000000;00000;0000;00000000;00000;0000;00000000;00000;0000;00000000;00000;0000;00000000;00000;0000;00000000;00000;0000;00000000;00000;0000;00000000;00000;0000;00000000;00000;0000;00000000;00000;0000;00000000;00000;0000;00000000;00000;0000;00000000;00000;0000;00000000;00000;0000;00000000;00000;0000;00000000;00000;0000;00000000;00000;0000;00000000;00000
03;20;001;999;09;13;00;25;0213;00015826;02947;0001;00003078;01944;0002;00001580;00998;0003;00001501;00948;0004;00006890;04353;0005;00000909;00574;0006;00001868;01180;0000;00000000;00000;0000;00000000;00000;0000;00000000;00000;0000;00000000;00000;0000;00000000;00000;0000;00000000;00000;0000;00000000;00000;0000;00000000;00000;0000;00000000;00000;0000;00000000;00000;0000;00000000;00000;0000;00000000;00000;0000;00000000;00000;0000;00000000;00000;0000;00000000;00000;0000;00000000;00000;0000;00000000;00000;0000;00000000;00000;0000;00000000;00000;0000;00000000;00000;0000;00000000;00000;0000;00000000;00000;0000;00000000;00000;0000;00000000;00000;0000;00000000;00000;0000;00000000;00000;0000;00000000;00000;0000;00000000;00000;0000;00000000;00000;0000;00000000;00000;0000;00000000;00000;0000;00000000;00000;0000;00000000;00000;0000;00000000;00000;0000;00000000;00000;0000;00000000;00000;0000;00000000;00000;0000;00000000;00000;0000;00000000;00000
03;20;001;999;09;13;00;25;0214;00013068;02434;0001;00013068;10000;0000;00000000;00000;0000;00000000;00000;0000;00000000;00000;0000;00000000;00000;0000;00000000;00000;0000;00000000;00000;0000;00000000;00000;0000;00000000;00000;0000;00000000;00000;0000;00000000;00000;0000;00000000;00000;0000;00000000;00000;0000;00000000;00000;0000;00000000;00000;0000;00000000;00000;0000;00000000;00000;0000;00000000;00000;0000;00000000;00000;0000;00000000;00000;0000;00000000;00000;0000;00000000;00000;0000;00000000;00000;0000;00000000;00000;0000;00000000;00000;0000;00000000;00000;0000;00000000;00000;0000;00000000;00000;0000;00000000;00000;0000;00000000;00000;0000;00000000;00000;0000;00000000;00000;0000;00000000;00000;0000;00000000;00000;0000;00000000;00000;0000;00000000;00000;0000;00000000;00000;0000;00000000;00000;0000;00000000;00000;0000;00000000;00000;0000;00000000;00000;0000;00000000;00000;0000;00000000;00000;0000;00000000;00000;0000;00000000;00000
03;20;001;999;09;13;00;25;0215;00005801;01080;0001;00001989;03428;0002;00003812;06571;0000;00000000;00000;0000;00000000;00000;0000;00000000;00000;0000;00000000;00000;0000;00000000;00000;0000;00000000;00000;0000;00000000;00000;0000;00000000;00000;0000;00000000;00000;0000;00000000;00000;0000;00000000;00000;0000;00000000;00000;0000;00000000;00000;0000;00000000;00000;0000;00000000;00000;0000;00000000;00000;0000;00000000;00000;0000;00000000;00000;0000;00000000;00000;0000;00000000;00000;0000;00000000;00000;0000;00000000;00000;0000;00000000;00000;0000;00000000;00000;0000;00000000;00000;0000;00000000;00000;0000;00000000;00000;0000;00000000;00000;0000;00000000;00000;0000;00000000;00000;0000;00000000;00000;0000;00000000;00000;0000;00000000;00000;0000;00000000;00000;0000;00000000;00000;0000;00000000;00000;0000;00000000;00000;0000;00000000;00000;0000;00000000;00000;0000;00000000;00000;0000;00000000;00000;0000;00000000;00000;0000;00000000;00000
03;20;002;999;09;13;00;25;0211;00000072;00143;0001;00000072;10000;0000;00000000;00000;0000;00000000;00000;0000;00000000;00000;0000;00000000;00000;0000;00000000;00000;0000;00000000;00000;0000;00000000;00000;0000;00000000;00000;0000;00000000;00000;0000;00000000;00000;0000;00000000;00000;0000;00000000;00000;0000;00000000;00000;0000;00000000;00000;0000;00000000;00000;0000;00000000;00000;0000;00000000;00000;0000;00000000;00000;0000;00000000;00000;0000;00000000;00000;0000;00000000;00000;0000;00000000;00000;0000;00000000;00000;0000;00000000;00000;0000;00000000;00000;0000;00000000;00000;0000;00000000;00000;0000;00000000;00000;0000;00000000;00000;0000;00000000;00000;0000;00000000;00000;0000;00000000;00000;0000;00000000;00000;0000;00000000;00000;0000;00000000;00000;0000;00000000;00000;0000;00000000;00000;0000;00000000;00000;0000;00000000;00000;0000;00000000;00000;0000;00000000;00000;0000;00000000;00000;0000;00000000;00000;0000;00000000;00000
03;20;002;999;09;13;00;25;0212;00000959;01908;0001;00000959;10000;0000;00000000;00000;0000;00000000;00000;0000;00000000;00000;0000;00000000;00000;0000;00000000;00000;0000;00000000;00000;0000;00000000;00000;0000;00000000;00000;0000;00000000;00000;0000;00000000;00000;0000;00000000;00000;0000;00000000;00000;0000;00000000;00000;0000;00000000;00000;0000;00000000;00000;0000;00000000;00000;0000;00000000;00000;0000;00000000;00000;0000;00000000;00000;0000;00000000;00000;0000;00000000;00000;0000;00000000;00000;0000;00000000;00000;0000;00000000;00000;0000;00000000;00000;0000;00000000;00000;0000;00000000;00000;0000;00000000;00000;0000;00000000;00000;0000;00000000;00000;0000;00000000;00000;0000;00000000;00000;0000;00000000;00000;0000;00000000;00000;0000;00000000;00000;0000;00000000;00000;0000;00000000;00000;0000;00000000;00000;0000;00000000;00000;0000;00000000;00000;0000;00000000;00000;0000;00000000;00000;0000;00000000;00000;0000;00000000;00000
03;20;002;999;09;13;00;25;0213;00001510;03004;0001;00000245;01622;0002;00000108;00715;0003;00000116;00768;0004;00000790;05231;0005;00000069;00456;0006;00000182;01205;0000;00000000;00000;0000;00000000;00000;0000;00000000;00000;0000;00000000;00000;0000;00000000;00000;0000;00000000;00000;0000;00000000;00000;0000;00000000;00000;0000;00000000;00000;0000;00000000;00000;0000;00000000;00000;0000;00000000;00000;0000;00000000;00000;0000;00000000;00000;0000;00000000;00000;0000;00000000;00000;0000;00000000;00000;0000;00000000;00000;0000;00000000;00000;0000;00000000;00000;0000;00000000;00000;0000;00000000;00000;0000;00000000;00000;0000;00000000;00000;0000;00000000;00000;0000;00000000;00000;0000;00000000;00000;0000;00000000;00000;0000;00000000;00000;0000;00000000;00000;0000;00000000;00000;0000;00000000;00000;0000;00000000;00000;0000;00000000;00000;0000;00000000;00000;0000;00000000;00000;0000;00000000;00000;0000;00000000;00000;0000;00000000;00000
03;20;002;999;09;13;00;25;0214;00002051;04081;0001;00002051;10000;0000;00000000;00000;0000;00000000;00000;0000;00000000;00000;0000;00000000;00000;0000;00000000;00000;0000;00000000;00000;0000;00000000;00000;0000;00000000;00000;0000;00000000;00000;0000;00000000;00000;0000;00000000;00000;0000;00000000;00000;0000;00000000;00000;0000;00000000;00000;0000;00000000;00000;0000;00000000;00000;0000;00000000;00000;0000;00000000;00000;0000;00000000;00000;0000;00000000;00000;0000;00000000;00000;0000;00000000;00000;0000;00000000;00000;0000;00000000;00000;0000;00000000;00000;0000;00000000;00000;0000;00000000;00000;0000;00000000;00000;0000;00000000;00000;0000;00000000;00000;0000;00000000;00000;0000;00000000;00000;0000;00000000;00000;0000;00000000;00000;0000;00000000;00000;0000;00000000;00000;0000;00000000;00000;0000;00000000;00000;0000;00000000;00000;0000;00000000;00000;0000;00000000;00000;0000;00000000;00000;0000;00000000;00000;0000;00000000;00000
03;20;002;999;09;13;00;25;0215;00000346;00688;0001;00000152;04393;0002;00000194;05606;0000;00000000;00000;0000;00000000;00000;0000;00000000;00000;0000;00000000;00000;0000;00000000;00000;0000;00000000;00000;0000;00000000;00000;0000;00000000;00000;0000;00000000;00000;0000;00000000;00000;0000;00000000;00000;0000;00000000;00000;0000;00000000;00000;0000;00000000;00000;0000;00000000;00000;0000;00000000;00000;0000;00000000;00000;0000;00000000;00000;0000;00000000;00000;0000;00000000;00000;0000;00000000;00000;0000;00000000;00000;0000;00000000;00000;0000;00000000;00000;0000;00000000;00000;0000;00000000;00000;0000;00000000;00000;0000;00000000;00000;0000;00000000;00000;0000;00000000;00000;0000;00000000;00000;0000;00000000;00000;0000;00000000;00000;0000;00000000;00000;0000;00000000;00000;0000;00000000;00000;0000;00000000;00000;0000;00000000;00000;0000;00000000;00000;0000;00000000;00000;0000;00000000;00000;0000;00000000;00000;0000;00000000;00000
03;20;003;999;09;13;00;25;0211;00000094;00188;0001;00000094;10000;0000;00000000;00000;0000;00000000;00000;0000;00000000;00000;0000;00000000;00000;0000;00000000;00000;0000;00000000;00000;0000;00000000;00000;0000;00000000;00000;0000;00000000;00000;0000;00000000;00000;0000;00000000;00000;0000;00000000;00000;0000;00000000;00000;0000;00000000;00000;0000;00000000;00000;0000;00000000;00000;0000;00000000;00000;0000;00000000;00000;0000;00000000;00000;0000;00000000;00000;0000;00000000;00000;0000;00000000;00000;0000;00000000;00000;0000;00000000;00000;0000;00000000;00000;0000;00000000;00000;0000;00000000;00000;0000;00000000;00000;0000;00000000;00000;0000;00000000;00000;0000;00000000;00000;0000;00000000;00000;0000;00000000;00000;0000;00000000;00000;0000;00000000;00000;0000;00000000;00000;0000;00000000;00000;0000;00000000;00000;0000;00000000;00000;0000;00000000;00000;0000;00000000;00000;0000;00000000;00000;0000;00000000;00000;0000;00000000;00000
03;20;003;999;09;13;00;25;0212;00001074;02151;0001;00001074;10000;0000;00000000;00000;0000;00000000;00000;0000;00000000;00000;0000;00000000;00000;0000;00000000;00000;0000;00000000;00000;0000;00000000;00000;0000;00000000;00000;0000;00000000;00000;0000;00000000;00000;0000;00000000;00000;0000;00000000;00000;0000;00000000;00000;0000;00000000;00000;0000;00000000;00000;0000;00000000;00000;0000;00000000;00000;0000;00000000;00000;0000;00000000;00000;0000;00000000;00000;0000;00000000;00000;0000;00000000;00000;0000;00000000;00000;0000;00000000;00000;0000;00000000;00000;0000;00000000;00000;0000;00000000;00000;0000;00000000;00000;0000;00000000;00000;0000;00000000;00000;0000;00000000;00000;0000;00000000;00000;0000;00000000;00000;0000;00000000;00000;0000;00000000;00000;0000;00000000;00000;0000;00000000;00000;0000;00000000;00000;0000;00000000;00000;0000;00000000;00000;0000;00000000;00000;0000;00000000;00000;0000;00000000;00000;0000;00000000;00000
03;20;003;999;09;13;00;25;0213;00001999;04004;0001;00000338;01690;0002;00000154;00770;0003;00000168;00840;0004;00000965;04827;0005;00000067;00335;0006;00000307;01535;0000;00000000;00000;0000;00000000;00000;0000;00000000;00000;0000;00000000;00000;0000;00000000;00000;0000;00000000;00000;0000;00000000;00000;0000;00000000;00000;0000;00000000;00000;0000;00000000;00000;0000;00000000;00000;0000;00000000;00000;0000;00000000;00000;0000;00000000;00000;0000;00000000;00000;0000;00000000;00000;0000;00000000;00000;0000;00000000;00000;0000;00000000;00000;0000;00000000;00000;0000;00000000;00000;0000;00000000;00000;0000;00000000;00000;0000;00000000;00000;0000;00000000;00000;0000;00000000;00000;0000;00000000;00000;0000;00000000;00000;0000;00000000;00000;0000;00000000;00000;0000;00000000;00000;0000;00000000;00000;0000;00000000;00000;0000;00000000;00000;0000;00000000;00000;0000;00000000;00000;0000;00000000;00000;0000;00000000;00000;0000;00000000;00000
03;20;003;999;09;13;00;25;0214;00001218;02439;0001;00001218;10000;0000;00000000;00000;0000;00000000;00000;0000;00000000;00000;0000;00000000;00000;0000;00000000;00000;0000;00000000;00000;0000;00000000;00000;0000;00000000;00000;0000;00000000;00000;0000;00000000;00000;0000;00000000;00000;0000;00000000;00000;0000;00000000;00000;0000;00000000;00000;0000;00000000;00000;0000;00000000;00000;0000;00000000;00000;0000;00000000;00000;0000;00000000;00000;0000;00000000;00000;0000;00000000;00000;0000;00000000;00000;0000;00000000;00000;0000;00000000;00000;0000;00000000;00000;0000;00000000;00000;0000;00000000;00000;0000;00000000;00000;0000;00000000;00000;0000;00000000;00000;0000;00000000;00000;0000;00000000;00000;0000;00000000;00000;0000;00000000;00000;0000;00000000;00000;0000;00000000;00000;0000;00000000;00000;0000;00000000;00000;0000;00000000;00000;0000;00000000;00000;0000;00000000;00000;0000;00000000;00000;0000;00000000;00000;0000;00000000;00000
03;20;003;999;09;13;00;25;0215;00000438;00877;0001;00000171;03904;0002;00000267;06095;0000;00000000;00000;0000;00000000;00000;0000;00000000;00000;0000;00000000;00000;0000;00000000;00000;0000;00000000;00000;0000;00000000;00000;0000;00000000;00000;0000;00000000;00000;0000;00000000;00000;0000;00000000;00000;0000;00000000;00000;0000;00000000;00000;0000;00000000;00000;0000;00000000;00000;0000;00000000;00000;0000;00000000;00000;0000;00000000;00000;0000;00000000;00000;0000;00000000;00000;0000;00000000;00000;0000;00000000;00000;0000;00000000;00000;0000;00000000;00000;0000;00000000;00000;0000;00000000;00000;0000;00000000;00000;0000;00000000;00000;0000;00000000;00000;0000;00000000;00000;0000;00000000;00000;0000;00000000;00000;0000;00000000;00000;0000;00000000;00000;0000;00000000;00000;0000;00000000;00000;0000;00000000;00000;0000;00000000;00000;0000;00000000;00000;0000;00000000;00000;0000;00000000;00000;0000;00000000;00000;0000;00000000;00000
03;20;004;999;09;13;00;25;0211;00000020;00083;0001;00000020;10000;0000;00000000;00000;0000;00000000;00000;0000;00000000;00000;0000;00000000;00000;0000;00000000;00000;0000;00000000;00000;0000;00000000;00000;0000;00000000;00000;0000;00000000;00000;0000;00000000;00000;0000;00000000;00000;0000;00000000;00000;0000;00000000;00000;0000;00000000;00000;0000;00000000;00000;0000;00000000;00000;0000;00000000;00000;0000;00000000;00000;0000;00000000;00000;0000;00000000;00000;0000;00000000;00000;0000;00000000;00000;0000;00000000;00000;0000;00000000;00000;0000;00000000;00000;0000;00000000;00000;0000;00000000;00000;0000;00000000;00000;0000;00000000;00000;0000;00000000;00000;0000;00000000;00000;0000;00000000;00000;0000;00000000;00000;0000;00000000;00000;0000;00000000;00000;0000;00000000;00000;0000;00000000;00000;0000;00000000;00000;0000;00000000;00000;0000;00000000;00000;0000;00000000;00000;0000;00000000;00000;0000;00000000;00000;0000;00000000;00000
03;20;004;999;09;13;00;25;0212;00000434;01809;0001;00000434;10000;0000;00000000;00000;0000;00000000;00000;0000;00000000;00000;0000;00000000;00000;0000;00000000;00000;0000;00000000;00000;0000;00000000;00000;0000;00000000;00000;0000;00000000;00000;0000;00000000;00000;0000;00000000;00000;0000;00000000;00000;0000;00000000;00000;0000;00000000;00000;0000;00000000;00000;0000;00000000;00000;0000;00000000;00000;0000;00000000;00000;0000;00000000;00000;0000;00000000;00000;0000;00000000;00000;0000;00000000;00000;0000;00000000;00000;0000;00000000;00000;0000;00000000;00000;0000;00000000;00000;0000;00000000;00000;0000;00000000;00000;0000;00000000;00000;0000;00000000;00000;0000;00000000;00000;0000;00000000;00000;0000;00000000;00000;0000;00000000;00000;0000;00000000;00000;0000;00000000;00000;0000;00000000;00000;0000;00000000;00000;0000;00000000;00000;0000;00000000;00000;0000;00000000;00000;0000;00000000;00000;0000;00000000;00000;0000;00000000;00000
03;20;004;999;09;13;00;25;0213;00000677;02823;0001;00000201;02968;0002;00000063;00930;0003;00000044;00649;0004;00000232;03426;0005;00000026;00384;0006;00000111;01639;0000;00000000;00000;0000;00000000;00000;0000;00000000;00000;0000;00000000;00000;0000;00000000;00000;0000;00000000;00000;0000;00000000;00000;0000;00000000;00000;0000;00000000;00000;0000;00000000;00000;0000;00000000;00000;0000;00000000;00000;0000;00000000;00000;0000;00000000;00000;0000;00000000;00000;0000;00000000;00000;0000;00000000;00000;0000;00000000;00000;0000;00000000;00000;0000;00000000;00000;0000;00000000;00000;0000;00000000;00000;0000;00000000;00000;0000;00000000;00000;0000;00000000;00000;0000;00000000;00000;0000;00000000;00000;0000;00000000;00000;0000;00000000;00000;0000;00000000;00000;0000;00000000;00000;0000;00000000;00000;0000;00000000;00000;0000;00000000;00000;0000;00000000;00000;0000;00000000;00000;0000;00000000;00000;0000;00000000;00000;0000;00000000;00000
03;20;004;999;09;13;00;25;0214;00001024;04270;0001;00001024;10000;0000;00000000;00000;0000;00000000;00000;0000;00000000;00000;0000;00000000;00000;0000;00000000;00000;0000;00000000;00000;0000;00000000;00000;0000;00000000;00000;0000;00000000;00000;0000;00000000;00000;0000;00000000;00000;0000;00000000;00000;0000;00000000;00000;0000;00000000;00000;0000;00000000;00000;0000;00000000;00000;0000;00000000;00000;0000;00000000;00000;0000;00000000;00000;0000;00000000;00000;0000;00000000;00000;0000;00000000;00000;0000;00000000;00000;0000;00000000;00000;0000;00000000;00000;0000;00000000;00000;0000;00000000;00000;0000;00000000;00000;0000;00000000;00000;0000;00000000;00000;0000;00000000;00000;0000;00000000;00000;0000;00000000;00000;0000;00000000;00000;0000;00000000;00000;0000;00000000;00000;0000;00000000;00000;0000;00000000;00000;0000;00000000;00000;0000;00000000;00000;0000;00000000;00000;0000;00000000;00000;0000;00000000;00000;0000;00000000;00000
03;20;004;999;09;13;00;25;0215;00000173;00721;0001;00000046;02658;0002;00000127;07341;0000;00000000;00000;0000;00000000;00000;0000;00000000;00000;0000;00000000;00000;0000;00000000;00000;0000;00000000;00000;0000;00000000;00000;0000;00000000;00000;0000;00000000;00000;0000;00000000;00000;0000;00000000;00000;0000;00000000;00000;0000;00000000;00000;0000;00000000;00000;0000;00000000;00000;0000;00000000;00000;0000;00000000;00000;0000;00000000;00000;0000;00000000;00000;0000;00000000;00000;0000;00000000;00000;0000;00000000;00000;0000;00000000;00000;0000;00000000;00000;0000;00000000;00000;0000;00000000;00000;0000;00000000;00000;0000;00000000;00000;0000;00000000;00000;0000;00000000;00000;0000;00000000;00000;0000;00000000;00000;0000;00000000;00000;0000;00000000;00000;0000;00000000;00000;0000;00000000;00000;0000;00000000;00000;0000;00000000;00000;0000;00000000;00000;0000;00000000;00000;0000;00000000;00000;0000;00000000;00000;0000;00000000;00000
03;20;005;999;09;13;00;25;0211;00000109;00151;0001;00000109;10000;0000;00000000;00000;0000;00000000;00000;0000;00000000;00000;0000;00000000;00000;0000;00000000;00000;0000;00000000;00000;0000;00000000;00000;0000;00000000;00000;0000;00000000;00000;0000;00000000;00000;0000;00000000;00000;0000;00000000;00000;0000;00000000;00000;0000;00000000;00000;0000;00000000;00000;0000;00000000;00000;0000;00000000;00000;0000;00000000;00000;0000;00000000;00000;0000;00000000;00000;0000;00000000;00000;0000;00000000;00000;0000;00000000;00000;0000;00000000;00000;0000;00000000;00000;0000;00000000;00000;0000;00000000;00000;0000;00000000;00000;0000;00000000;00000;0000;00000000;00000;0000;00000000;00000;0000;00000000;00000;0000;00000000;00000;0000;00000000;00000;0000;00000000;00000;0000;00000000;00000;0000;00000000;00000;0000;00000000;00000;0000;00000000;00000;0000;00000000;00000;0000;00000000;00000;0000;00000000;00000;0000;00000000;00000;0000;00000000;00000
03;20;005;999;09;13;00;25;0212;00001923;02680;0001;00001923;10000;0000;00000000;00000;0000;00000000;00000;0000;00000000;00000;0000;00000000;00000;0000;00000000;00000;0000;00000000;00000;0000;00000000;00000;0000;00000000;00000;0000;00000000;00000;0000;00000000;00000;0000;00000000;00000;0000;00000000;00000;0000;00000000;00000;0000;00000000;00000;0000;00000000;00000;0000;00000000;00000;0000;00000000;00000;0000;00000000;00000;0000;00000000;00000;0000;00000000;00000;0000;00000000;00000;0000;00000000;00000;0000;00000000;00000;0000;00000000;00000;0000;00000000;00000;0000;00000000;00000;0000;00000000;00000;0000;00000000;00000;0000;00000000;00000;0000;00000000;00000;0000;00000000;00000;0000;00000000;00000;0000;00000000;00000;0000;00000000;00000;0000;00000000;00000;0000;00000000;00000;0000;00000000;00000;0000;00000000;00000;0000;00000000;00000;0000;00000000;00000;0000;00000000;00000;0000;00000000;00000;0000;00000000;00000;0000;00000000;00000
03;20;005;999;09;13;00;25;0213;00002337;03257;0001;00000495;02118;0002;00000283;01210;0003;00000582;02490;0004;00000463;01981;0005;00000097;00415;0006;00000417;01784;0000;00000000;00000;0000;00000000;00000;0000;00000000;00000;0000;00000000;00000;0000;00000000;00000;0000;00000000;00000;0000;00000000;00000;0000;00000000;00000;0000;00000000;00000;0000;00000000;00000;0000;00000000;00000;0000;00000000;00000;0000;00000000;00000;0000;00000000;00000;0000;00000000;00000;0000;00000000;00000;0000;00000000;00000;0000;00000000;00000;0000;00000000;00000;0000;00000000;00000;0000;00000000;00000;0000;00000000;00000;0000;00000000;00000;0000;00000000;00000;0000;00000000;00000;0000;00000000;00000;0000;00000000;00000;0000;00000000;00000;0000;00000000;00000;0000;00000000;00000;0000;00000000;00000;0000;00000000;00000;0000;00000000;00000;0000;00000000;00000;0000;00000000;00000;0000;00000000;00000;0000;00000000;00000;0000;00000000;00000;0000;00000000;00000
03;20;005;999;09;13;00;25;0214;00002417;03369;0001;00002417;10000;0000;00000000;00000;0000;00000000;00000;0000;00000000;00000;0000;00000000;00000;0000;00000000;00000;0000;00000000;00000;0000;00000000;00000;0000;00000000;00000;0000;00000000;00000;0000;00000000;00000;0000;00000000;00000;0000;00000000;00000;0000;00000000;00000;0000;00000000;00000;0000;00000000;00000;0000;00000000;00000;0000;00000000;00000;0000;00000000;00000;0000;00000000;00000;0000;00000000;00000;0000;00000000;00000;0000;00000000;00000;0000;00000000;00000;0000;00000000;00000;0000;00000000;00000;0000;00000000;00000;0000;00000000;00000;0000;00000000;00000;0000;00000000;00000;0000;00000000;00000;0000;00000000;00000;0000;00000000;00000;0000;00000000;00000;0000;00000000;00000;0000;00000000;00000;0000;00000000;00000;0000;00000000;00000;0000;00000000;00000;0000;00000000;00000;0000;00000000;00000;0000;00000000;00000;0000;00000000;00000;0000;00000000;00000;0000;00000000;00000
03;20;005;999;09;13;00;25;0215;00000248;00345;0001;00000127;05120;0002;00000121;04879;0000;00000000;00000;0000;00000000;00000;0000;00000000;00000;0000;00000000;00000;0000;00000000;00000;0000;00000000;00000;0000;00000000;00000;0000;00000000;00000;0000;00000000;00000;0000;00000000;00000;0000;00000000;00000;0000;00000000;00000;0000;00000000;00000;0000;00000000;00000;0000;00000000;00000;0000;00000000;00000;0000;00000000;00000;0000;00000000;00000;0000;00000000;00000;0000;00000000;00000;0000;00000000;00000;0000;00000000;00000;0000;00000000;00000;0000;00000000;00000;0000;00000000;00000;0000;00000000;00000;0000;00000000;00000;0000;00000000;00000;0000;00000000;00000;0000;00000000;00000;0000;00000000;00000;0000;00000000;00000;0000;00000000;00000;0000;00000000;00000;0000;00000000;00000;0000;00000000;00000;0000;00000000;00000;0000;00000000;00000;0000;00000000;00000;0000;00000000;00000;0000;00000000;00000;0000;00000000;00000;0000;00000000;00000
03;20;006;999;09;13;00;25;0211;00000211;00171;0001;00000211;10000;0000;00000000;00000;0000;00000000;00000;0000;00000000;00000;0000;00000000;00000;0000;00000000;00000;0000;00000000;00000;0000;00000000;00000;0000;00000000;00000;0000;00000000;00000;0000;00000000;00000;0000;00000000;00000;0000;00000000;00000;0000;00000000;00000;0000;00000000;00000;0000;00000000;00000;0000;00000000;00000;0000;00000000;00000;0000;00000000;00000;0000;00000000;00000;0000;00000000;00000;0000;00000000;00000;0000;00000000;00000;0000;00000000;00000;0000;00000000;00000;0000;00000000;00000;0000;00000000;00000;0000;00000000;00000;0000;00000000;00000;0000;00000000;00000;0000;00000000;00000;0000;00000000;00000;0000;00000000;00000;0000;00000000;00000;0000;00000000;00000;0000;00000000;00000;0000;00000000;00000;0000;00000000;00000;0000;00000000;00000;0000;00000000;00000;0000;00000000;00000;0000;00000000;00000;0000;00000000;00000;0000;00000000;00000;0000;00000000;00000
03;20;006;999;09;13;00;25;0212;00001181;00960;0001;00001181;10000;0000;00000000;00000;0000;00000000;00000;0000;00000000;00000;0000;00000000;00000;0000;00000000;00000;0000;00000000;00000;0000;00000000;00000;0000;00000000;00000;0000;00000000;00000;0000;00000000;00000;0000;00000000;00000;0000;00000000;00000;0000;00000000;00000;0000;00000000;00000;0000;00000000;00000;0000;00000000;00000;0000;00000000;00000;0000;00000000;00000;0000;00000000;00000;0000;00000000;00000;0000;00000000;00000;0000;00000000;00000;0000;00000000;00000;0000;00000000;00000;0000;00000000;00000;0000;00000000;00000;0000;00000000;00000;0000;00000000;00000;0000;00000000;00000;0000;00000000;00000;0000;00000000;00000;0000;00000000;00000;0000;00000000;00000;0000;00000000;00000;0000;00000000;00000;0000;00000000;00000;0000;00000000;00000;0000;00000000;00000;0000;00000000;00000;0000;00000000;00000;0000;00000000;00000;0000;00000000;00000;0000;00000000;00000;0000;00000000;00000
03;20;006;999;09;13;00;25;0213;00003908;03179;0001;00000469;01200;0002;00000224;00573;0003;00000542;01386;0004;00000825;02111;0005;00000170;00435;0006;00001678;04293;0000;00000000;00000;0000;00000000;00000;0000;00000000;00000;0000;00000000;00000;0000;00000000;00000;0000;00000000;00000;0000;00000000;00000;0000;00000000;00000;0000;00000000;00000;0000;00000000;00000;0000;00000000;00000;0000;00000000;00000;0000;00000000;00000;0000;00000000;00000;0000;00000000;00000;0000;00000000;00000;0000;00000000;00000;0000;00000000;00000;0000;00000000;00000;0000;00000000;00000;0000;00000000;00000;0000;00000000;00000;0000;00000000;00000;0000;00000000;00000;0000;00000000;00000;0000;00000000;00000;0000;00000000;00000;0000;00000000;00000;0000;00000000;00000;0000;00000000;00000;0000;00000000;00000;0000;00000000;00000;0000;00000000;00000;0000;00000000;00000;0000;00000000;00000;0000;00000000;00000;0000;00000000;00000;0000;00000000;00000;0000;00000000;00000
03;20;006;999;09;13;00;25;0214;00005868;04773;0001;00005868;10000;0000;00000000;00000;0000;00000000;00000;0000;00000000;00000;0000;00000000;00000;0000;00000000;00000;0000;00000000;00000;0000;00000000;00000;0000;00000000;00000;0000;00000000;00000;0000;00000000;00000;0000;00000000;00000;0000;00000000;00000;0000;00000000;00000;0000;00000000;00000;0000;00000000;00000;0000;00000000;00000;0000;00000000;00000;0000;00000000;00000;0000;00000000;00000;0000;00000000;00000;0000;00000000;00000;0000;00000000;00000;0000;00000000;00000;0000;00000000;00000;0000;00000000;00000;0000;00000000;00000;0000;00000000;00000;0000;00000000;00000;0000;00000000;00000;0000;00000000;00000;0000;00000000;00000;0000;00000000;00000;0000;00000000;00000;0000;00000000;00000;0000;00000000;00000;0000;00000000;00000;0000;00000000;00000;0000;00000000;00000;0000;00000000;00000;0000;00000000;00000;0000;00000000;00000;0000;00000000;00000;0000;00000000;00000;0000;00000000;00000
03;20;006;999;09;13;00;25;0215;00000842;00684;0001;00000492;05843;0002;00000350;04156;0000;00000000;00000;0000;00000000;00000;0000;00000000;00000;0000;00000000;00000;0000;00000000;00000;0000;00000000;00000;0000;00000000;00000;0000;00000000;00000;0000;00000000;00000;0000;00000000;00000;0000;00000000;00000;0000;00000000;00000;0000;00000000;00000;0000;00000000;00000;0000;00000000;00000;0000;00000000;00000;0000;00000000;00000;0000;00000000;00000;0000;00000000;00000;0000;00000000;00000;0000;00000000;00000;0000;00000000;00000;0000;00000000;00000;0000;00000000;00000;0000;00000000;00000;0000;00000000;00000;0000;00000000;00000;0000;00000000;00000;0000;00000000;00000;0000;00000000;00000;0000;00000000;00000;0000;00000000;00000;0000;00000000;00000;0000;00000000;00000;0000;00000000;00000;0000;00000000;00000;0000;00000000;00000;0000;00000000;00000;0000;00000000;00000;0000;00000000;00000;0000;00000000;00000;0000;00000000;00000;0000;00000000;00000
03;20;007;999;09;13;00;25;0211;00001136;00172;0001;00001136;10000;0000;00000000;00000;0000;00000000;00000;0000;00000000;00000;0000;00000000;00000;0000;00000000;00000;0000;00000000;00000;0000;00000000;00000;0000;00000000;00000;0000;00000000;00000;0000;00000000;00000;0000;00000000;00000;0000;00000000;00000;0000;00000000;00000;0000;00000000;00000;0000;00000000;00000;0000;00000000;00000;0000;00000000;00000;0000;00000000;00000;0000;00000000;00000;0000;00000000;00000;0000;00000000;00000;0000;00000000;00000;0000;00000000;00000;0000;00000000;00000;0000;00000000;00000;0000;00000000;00000;0000;00000000;00000;0000;00000000;00000;0000;00000000;00000;0000;00000000;00000;0000;00000000;00000;0000;00000000;00000;0000;00000000;00000;0000;00000000;00000;0000;00000000;00000;0000;00000000;00000;0000;00000000;00000;0000;00000000;00000;0000;00000000;00000;0000;00000000;00000;0000;00000000;00000;0000;00000000;00000;0000;00000000;00000;0000;00000000;00000
03;20;007;999;09;13;00;25;0212;00013095;01984;0001;00013095;10000;0000;00000000;00000;0000;00000000;00000;0000;00000000;00000;0000;00000000;00000;0000;00000000;00000;0000;00000000;00000;0000;00000000;00000;0000;00000000;00000;0000;00000000;00000;0000;00000000;00000;0000;00000000;00000;0000;00000000;00000;0000;00000000;00000;0000;00000000;00000;0000;00000000;00000;0000;00000000;00000;0000;00000000;00000;0000;00000000;00000;0000;00000000;00000;0000;00000000;00000;0000;00000000;00000;0000;00000000;00000;0000;00000000;00000;0000;00000000;00000;0000;00000000;00000;0000;00000000;00000;0000;00000000;00000;0000;00000000;00000;0000;00000000;00000;0000;00000000;00000;0000;00000000;00000;0000;00000000;00000;0000;00000000;00000;0000;00000000;00000;0000;00000000;00000;0000;00000000;00000;0000;00000000;00000;0000;00000000;00000;0000;00000000;00000;0000;00000000;00000;0000;00000000;00000;0000;00000000;00000;0000;00000000;00000;0000;00000000;00000
03;20;007;999;09;13;00;25;0213;00032247;04886;0001;00010630;03296;0002;00002134;00661;0003;00001203;00373;0004;00007864;02438;0005;00000855;00265;0006;00009561;02964;0000;00000000;00000;0000;00000000;00000;0000;00000000;00000;0000;00000000;00000;0000;00000000;00000;0000;00000000;00000;0000;00000000;00000;0000;00000000;00000;0000;00000000;00000;0000;00000000;00000;0000;00000000;00000;0000;00000000;00000;0000;00000000;00000;0000;00000000;00000;0000;00000000;00000;0000;00000000;00000;0000;00000000;00000;0000;00000000;00000;0000;00000000;00000;0000;00000000;00000;0000;00000000;00000;0000;00000000;00000;0000;00000000;00000;0000;00000000;00000;0000;00000000;00000;0000;00000000;00000;0000;00000000;00000;0000;00000000;00000;0000;00000000;00000;0000;00000000;00000;0000;00000000;00000;0000;00000000;00000;0000;00000000;00000;0000;00000000;00000;0000;00000000;00000;0000;00000000;00000;0000;00000000;00000;0000;00000000;00000;0000;00000000;00000
03;20;007;999;09;13;00;25;0214;00014465;02192;0001;00014465;10000;0000;00000000;00000;0000;00000000;00000;0000;00000000;00000;0000;00000000;00000;0000;00000000;00000;0000;00000000;00000;0000;00000000;00000;0000;00000000;00000;0000;00000000;00000;0000;00000000;00000;0000;00000000;00000;0000;00000000;00000;0000;00000000;00000;0000;00000000;00000;0000;00000000;00000;0000;00000000;00000;0000;00000000;00000;0000;00000000;00000;0000;00000000;00000;0000;00000000;00000;0000;00000000;00000;0000;00000000;00000;0000;00000000;00000;0000;00000000;00000;0000;00000000;00000;0000;00000000;00000;0000;00000000;00000;0000;00000000;00000;0000;00000000;00000;0000;00000000;00000;0000;00000000;00000;0000;00000000;00000;0000;00000000;00000;0000;00000000;00000;0000;00000000;00000;0000;00000000;00000;0000;00000000;00000;0000;00000000;00000;0000;00000000;00000;0000;00000000;00000;0000;00000000;00000;0000;00000000;00000;0000;00000000;00000;0000;00000000;00000
03;20;007;999;09;13;00;25;0215;00004054;00614;0001;00001564;03857;0002;00002490;06142;0000;00000000;00000;0000;00000000;00000;0000;00000000;00000;0000;00000000;00000;0000;00000000;00000;0000;00000000;00000;0000;00000000;00000;0000;00000000;00000;0000;00000000;00000;0000;00000000;00000;0000;00000000;00000;0000;00000000;00000;0000;00000000;00000;0000;00000000;00000;0000;00000000;00000;0000;00000000;00000;0000;00000000;00000;0000;00000000;00000;0000;00000000;00000;0000;00000000;00000;0000;00000000;00000;0000;00000000;00000;0000;00000000;00000;0000;00000000;00000;0000;00000000;00000;0000;00000000;00000;0000;00000000;00000;0000;00000000;00000;0000;00000000;00000;0000;00000000;00000;0000;00000000;00000;0000;00000000;00000;0000;00000000;00000;0000;00000000;00000;0000;00000000;00000;0000;00000000;00000;0000;00000000;00000;0000;00000000;00000;0000;00000000;00000;0000;00000000;00000;0000;00000000;00000;0000;00000000;00000;0000;00000000;00000
03;20;999;999;09;13;00;25;0211;00002649;00174;0001;00002649;10000;0000;00000000;00000;0000;00000000;00000;0000;00000000;00000;0000;00000000;00000;0000;00000000;00000;0000;00000000;00000;0000;00000000;00000;0000;00000000;00000;0000;00000000;00000;0000;00000000;00000;0000;00000000;00000;0000;00000000;00000;0000;00000000;00000;0000;00000000;00000;0000;00000000;00000;0000;00000000;00000;0000;00000000;00000;0000;00000000;00000;0000;00000000;00000;0000;00000000;00000;0000;00000000;00000;0000;00000000;00000;0000;00000000;00000;0000;00000000;00000;0000;00000000;00000;0000;00000000;00000;0000;00000000;00000;0000;00000000;00000;0000;00000000;00000;0000;00000000;00000;0000;00000000;00000;0000;00000000;00000;0000;00000000;00000;0000;00000000;00000;0000;00000000;00000;0000;00000000;00000;0000;00000000;00000;0000;00000000;00000;0000;00000000;00000;0000;00000000;00000;0000;00000000;00000;0000;00000000;00000;0000;00000000;00000;0000;00000000;00000
03;20;999;999;09;13;00;25;0212;00035511;02343;0001;00035511;10000;0000;00000000;00000;0000;00000000;00000;0000;00000000;00000;0000;00000000;00000;0000;00000000;00000;0000;00000000;00000;0000;00000000;00000;0000;00000000;00000;0000;00000000;00000;0000;00000000;00000;0000;00000000;00000;0000;00000000;00000;0000;00000000;00000;0000;00000000;00000;0000;00000000;00000;0000;00000000;00000;0000;00000000;00000;0000;00000000;00000;0000;00000000;00000;0000;00000000;00000;0000;00000000;00000;0000;00000000;00000;0000;00000000;00000;0000;00000000;00000;0000;00000000;00000;0000;00000000;00000;0000;00000000;00000;0000;00000000;00000;0000;00000000;00000;0000;00000000;00000;0000;00000000;00000;0000;00000000;00000;0000;00000000;00000;0000;00000000;00000;0000;00000000;00000;0000;00000000;00000;0000;00000000;00000;0000;00000000;00000;0000;00000000;00000;0000;00000000;00000;0000;00000000;00000;0000;00000000;00000;0000;00000000;00000;0000;00000000;00000
03;20;999;999;09;13;00;25;0213;00058504;03860;0001;00015456;02641;0002;00004546;00777;0003;00004156;00710;0004;00018029;03081;0005;00002193;00374;0006;00014124;02414;0000;00000000;00000;0000;00000000;00000;0000;00000000;00000;0000;00000000;00000;0000;00000000;00000;0000;00000000;00000;0000;00000000;00000;0000;00000000;00000;0000;00000000;00000;0000;00000000;00000;0000;00000000;00000;0000;00000000;00000;0000;00000000;00000;0000;00000000;00000;0000;00000000;00000;0000;00000000;00000;0000;00000000;00000;0000;00000000;00000;0000;00000000;00000;0000;00000000;00000;0000;00000000;00000;0000;00000000;00000;0000;00000000;00000;0000;00000000;00000;0000;00000000;00000;0000;00000000;00000;0000;00000000;00000;0000;00000000;00000;0000;00000000;00000;0000;00000000;00000;0000;00000000;00000;0000;00000000;00000;0000;00000000;00000;0000;00000000;00000;0000;00000000;00000;0000;00000000;00000;0000;00000000;00000;0000;00000000;00000;0000;00000000;00000
03;20;999;999;09;13;00;25;0214;00040111;02646;0001;00040111;10000;0000;00000000;00000;0000;00000000;00000;0000;00000000;00000;0000;00000000;00000;0000;00000000;00000;0000;00000000;00000;0000;00000000;00000;0000;00000000;00000;0000;00000000;00000;0000;00000000;00000;0000;00000000;00000;0000;00000000;00000;0000;00000000;00000;0000;00000000;00000;0000;00000000;00000;0000;00000000;00000;0000;00000000;00000;0000;00000000;00000;0000;00000000;00000;0000;00000000;00000;0000;00000000;00000;0000;00000000;00000;0000;00000000;00000;0000;00000000;00000;0000;00000000;00000;0000;00000000;00000;0000;00000000;00000;0000;00000000;00000;0000;00000000;00000;0000;00000000;00000;0000;00000000;00000;0000;00000000;00000;0000;00000000;00000;0000;00000000;00000;0000;00000000;00000;0000;00000000;00000;0000;00000000;00000;0000;00000000;00000;0000;00000000;00000;0000;00000000;00000;0000;00000000;00000;0000;00000000;00000;0000;00000000;00000;0000;00000000;00000
03;20;999;999;09;13;00;25;0215;00011902;00785;0001;00004541;03815;0002;00007361;06184;0000;00000000;00000;0000;00000000;00000;0000;00000000;00000;0000;00000000;00000;0000;00000000;00000;0000;00000000;00000;0000;00000000;00000;0000;00000000;00000;0000;00000000;00000;0000;00000000;00000;0000;00000000;00000;0000;00000000;00000;0000;00000000;00000;0000;00000000;00000;0000;00000000;00000;0000;00000000;00000;0000;00000000;00000;0000;00000000;00000;0000;00000000;00000;0000;00000000;00000;0000;00000000;00000;0000;00000000;00000;0000;00000000;00000;0000;00000000;00000;0000;00000000;00000;0000;00000000;00000;0000;00000000;00000;0000;00000000;00000;0000;00000000;00000;0000;00000000;00000;0000;00000000;00000;0000;00000000;00000;0000;00000000;00000;0000;00000000;00000;0000;00000000;00000;0000;00000000;00000;0000;00000000;00000;0000;00000000;00000;0000;00000000;00000;0000;00000000;00000;0000;00000000;00000;0000;00000000;00000;0000;00000000;00000
