id_eleccion,id_distrito,id_seccion,nro_mesas,nro_mesas_escr,pct_mesas_escr,electores,electores_mesas_esc,pct_electores_mesas_escr,total_votantes,part_sobre_censo,votos_validos,pct_votos_validos,votos_positivos,pct_votos_positivos,votos_blancos,pct_votos_blancos,votos_nulos,pct_votos_nulos,votos_recurridos,pct_votos_recurridos,hora,min
03,01,001,520,30,576,178037,10230,574,7454,7286,7124,9557,6755,9062,369,495,210,281,120,160,12,12
03,01,002,408,39,955,140936,13437,953,9794,7288,9365,9561,8867,9053,498,508,273,278,156,159,12,12
03,01,003,460,48,1043,158825,16612,1045,12103,7285,11575,9563,10958,9053,617,509,336,277,192,158,12,12
03,01,004,527,24,455,181547,8262,455,6020,7286,5756,9561,5449,9051,307,509,168,279,96,159,12,12
03,01,005,453,15,331,156484,5216,333,3803,7291,3638,9566,3443,9053,195,512,105,276,60,157,12,12
03,01,006,463,30,647,160753,10393,646,7574,7287,7244,9564,6852,9046,392,517,210,277,120,158,12,12
03,01,007,507,30,591,175327,10358,590,7546,7285,7216,9562,6833,9055,383,507,210,278,120,159,12,12
03,01,008,414,27,652,144678,9476,654,6901,7282,6604,9569,6258,9068,346,501,189,273,108,156,12,12
03,01,009,429,24,559,148602,8359,562,6090,7285,5826,9566,5512,9050,314,515,168,275,96,157,12,12
03,01,010,431,27,626,148680,9293,625,6770,7285,6473,9561,6138,9066,335,494,189,279,108,159,12,12
03,01,011,500,21,420,172446,7229,419,5265,7283,5034,9561,4772,9063,262,497,147,279,84,159,12,12
03,01,012,551,15,272,190913,5189,271,3782,7288,3617,9563,3425,9056,192,507,105,277,60,158,12,12
03,01,013,632,27,427,219016,9354,427,6817,7287,6520,9564,6174,9056,346,507,189,277,108,158,12,12
03,01,014,605,39,644,209798,13486,642,9828,7287,9399,9563,8898,9053,501,509,273,277,156,158,12,12
03,01,015,477,21,440,165648,7291,440,5314,7288,5083,9565,4814,9059,269,506,147,276,84,158,12,12
03,01,999,7377,417,565,2551690,144185,565,105061,7286,100474,9563,95148,9056,5326,506,2919,277,1668,158,12,12
03,02,001,46,3,652,14455,1046,723,762,7284,729,9566,699,9173,30,393,21,275,12,157,12,12
03,02,002,30,3,1000,9415,1047,1112,762,7277,729,9566,699,9173,30,393,21,275,12,157,12,12
03,02,003,1269,57,449,443825,19884,448,14487,7285,13866,9571,13308,9186,558,385,395,272,226,156,12,12
03,02,004,826,36,435,287833,12429,431,9054,7284,8667,9572,8311,9179,356,393,247,272,140,154,12,12
03,02,005,60,9,1500,17977,3156,1755,2300,7287,2201,9569,2117,9204,84,365,63,273,36,156,12,12
03,02,006,174,18,1034,57859,5372,928,3950,7352,3783,9577,3616,9154,167,422,107,270,60,151,12,12
03,02,007,717,36,502,247797,12123,489,8860,7308,8482,9573,8133,9179,349,393,242,273,136,153,12,12
03,02,008,118,0,0,40067,0,0,0,0,0,0,0,0,0,0,0,0,0,0,12,12
03,02,009,91,4,439,30106,816,271,627,7683,603,9617,572,9122,31,494,16,255,8,127,12,12
03,02,010,75,3,400,25107,1049,417,764,7283,731,9568,699,9149,32,418,21,274,12,157,12,12
03,02,011,758,30,395,263037,10539,400,7676,7283,7346,9570,7055,9190,291,379,210,273,120,156,12,12
03,02,012,227,24,1057,79075,8407,1063,6125,7285,5861,9568,5622,9178,239,390,168,274,96,156,12,12
03,02,013,96,3,312,30916,1036,335,754,7277,721,9562,691,9164,30,397,21,278,12,159,12,12
03,02,014,112,12,1071,36763,4213,1145,3067,7279,2935,9569,2820,9194,115,374,84,273,48,156,12,12
03,02,015,73,3,410,24767,800,323,608,7600,584,9605,560,9210,24,394,16,263,8,131,12,12
03,02,016,240,24,1000,83246,8414,1010,6130,7285,5866,9569,5622,9171,244,398,168,274,96,156,12,12
03,02,017,136,9,661,46623,2654,569,1933,7283,1850,9570,1768,9146,82,424,53,274,30,155,12,12
03,02,018,38,1,263,13036,291,223,212,7285,202,9528,189,8915,13,613,6,283,4,188,12,12
03,02,019,61,4,655,19559,887,453,655,7384,628,9587,596,9099,32,488,17,259,10,152,12,12
03,02,020,32,0,0,10100,0,0,0,0,0,0,0,0,0,0,0,0,0,0,12,12
03,02,021,40,3,750,13386,727,543,529,7276,506,9565,481,9092,25,472,15,283,8,151,12,12
03,02,022,83,0,0,27762,0,0,0,0,0,0,0,0,0,0,0,0,0,0,12,12
03,02,023,24,0,0,7789,0,0,0,0,0,0,0,0,0,0,0,0,0,0,12,12
03,02,024,63,0,0,21596,0,0,0,0,0,0,0,0,0,0,0,0,0,0,12,12
03,02,025,46,0,0,13683,0,0,0,0,0,0,0,0,0,0,0,0,0,0,12,12
03,02,026,61,3,491,20321,1049,516,764,7283,731,9568,699,9149,32,418,21,274,12,157,12,12
03,02,027,149,21,1409,50126,6932,1382,5051,7286,4834,9570,4632,9170,202,399,139,275,78,154,12,12
03,02,028,105,6,571,34574,2107,609,1535,7285,1469,9570,1407,9166,62,403,42,273,24,156,12,12
03,02,029,129,9,697,42321,3169,748,2307,7279,2208,9570,2121,9193,87,377,63,273,36,156,12,12
03,02,030,104,9,865,34271,3150,919,2295,7285,2196,9568,2100,9150,96,418,63,274,36,156,12,12
03,02,031,179,9,502,59022,3161,535,2304,7288,2205,9570,2115,9179,90,390,63,273,36,156,12,12
03,02,032,45,0,0,14913,0,0,0,0,0,0,0,0,0,0,0,0,0,0,12,12
03,02,033,72,6,833,24756,2103,849,1533,7289,1467,9569,1407,9178,60,391,42,273,24,156,12,12
03,02,034,159,12,754,54888,4196,764,3058,7287,2926,9568,2805,9172,121,395,84,274,48,156,12,12
03,02,035,531,42,790,185140,14770,797,10760,7285,10298,9570,9893,9194,405,376,294,273,168,156,12,12
03,02,036,661,33,499,229817,11160,485,8132,7286,7781,9568,7450,9161,331,407,223,274,128,157,12,12
03,02,037,88,3,340,29970,1050,350,765,7285,732,9568,699,9137,33,431,21,274,12,156,12,12
03,02,038,920,57,619,321579,19675,611,14334,7285,13720,9571,13159,9180,561,391,392,273,222,154,12,12
03,02,039,108,6,555,37030,2099,566,1529,7284,1463,9568,1401,9162,62,405,42,274,24,156,12,12
03,02,040,28,0,0,8794,0,0,0,0,0,0,0,0,0,0,0,0,0,0,12,12
03,02,041,47,3,638,15108,782,517,591,7557,567,9593,541,9153,26,439,16,270,8,135,12,12
03,02,042,50,0,0,16218,0,0,0,0,0,0,0,0,0,0,0,0,0,0,12,12
03,02,043,9,3,3333,2548,875,3434,637,7279,610,9576,583,9152,27,423,17,266,10,156,12,12
03,02,044,30,0,0,9718,0,0,0,0,0,0,0,0,0,0,0,0,0,0,12,12
03,02,045,41,3,731,13659,1049,767,764,7283,731,9568,699,9149,32,418,21,274,12,157,12,12
03,02,046,15,0,0,4557,0,0,0,0,0,0,0,0,0,0,0,0,0,0,12,12
03,02,047,56,6,1071,18607,2104,1130,1533,7286,1467,9569,1404,9158,63,410,42,273,24,156,12,12
03,02,048,37,0,0,11187,0,0,0,0,0,0,0,0,0,0,0,0,0,0,12,12
03,02,049,31,5,1612,10021,1746,1742,1271,7279,1216,9567,1167,9181,49,385,35,275,20,157,12,12
03,02,050,1614,81,501,561439,27767,494,20228,7284,19357,9569,18566,9178,791,391,555,274,316,156,12,12
03,02,051,239,30,1255,83643,10531,1259,7671,7284,7341,9569,7034,9169,307,400,210,273,120,156,12,12
03,02,052,966,51,527,337218,17669,523,12872,7285,12320,9571,11814,9178,506,393,352,273,200,155,12,12
03,02,053,679,42,618,236844,14733,622,10734,7285,10272,9569,9857,9182,415,386,294,273,168,156,12,12
03,02,054,48,3,625,15790,971,614,706,7270,677,9589,651,9220,26,368,19,269,10,141,12,12
03,02,055,77,3,389,25125,1056,420,769,7282,736,9570,705,9167,31,403,21,273,12,156,12,12
03,02,056,31,0,0,10630,0,0,0,0,0,0,0,0,0,0,0,0,0,0,12,12
03,02,057,31,0,0,10051,0,0,0,0,0,0,0,0,0,0,0,0,0,0,12,12
03,02,058,26,0,0,8169,0,0,0,0,0,0,0,0,0,0,0,0,0,0,12,12
03,02,059,56,3,535,17790,1055,593,769,7289,736,9570,704,9154,32,416,21,273,12,156,12,12
03,02,060,238,9,378,80554,3160,392,2301,7281,2202,9569,2111,9174,91,395,63,273,36,156,12,12
03,02,061,2928,144,491,1023959,50577,493,36849,7285,35265,9570,33829,9180,1436,389,1008,273,576,156,12,12
03,02,062,1083,66,609,377436,22974,608,16736,7284,16016,9569,15359,9177,657,392,458,273,262,156,12,12
03,02,063,1612,111,688,554692,37989,684,27679,7286,26490,9570,25396,9175,1094,395,757,273,432,156,12,12
03,02,064,31,3,967,9691,1051,1084,766,7288,733,9569,702,9164,31,404,21,274,12,156,12,12
03,02,065,68,0,0,21927,0,0,0,0,0,0,0,0,0,0,0,0,0,0,12,12
03,02,066,44,3,681,14837,1058,713,771,7287,738,9571,710,9208,28,363,21,272,12,155,12,12
03,02,067,117,9,769,37677,3161,838,2303,7285,2204,9570,2118,9196,86,373,63,273,36,156,12,12
03,02,068,47,0,0,14651,0,0,0,0,0,0,0,0,0,0,0,0,0,0,12,12
03,02,069,96,12,1250,32006,4205,1313,3064,7286,2932,9569,2811,9174,121,394,84,274,48,156,12,12
03,02,070,1436,75,522,501576,26291,524,19151,7284,18327,9569,17580,9179,747,390,524,273,300,156,12,12
03,02,071,265,15,566,91886,5256,572,3828,7283,3663,9568,3510,9169,153,399,105,274,60,156,12,12
03,02,072,48,0,0,15249,0,0,0,0,0,0,0,0,0,0,0,0,0,0,12,12
03,02,073,31,6,1935,10118,2104,2079,1533,7286,1467,9569,1407,9178,60,391,42,273,24,156,12,12
03,02,074,85,3,352,28321,1053,371,768,7293,735,9570,708,9218,27,351,21,273,12,156,12,12
03,02,075,130,9,692,45437,3159,695,2301,7283,2202,9569,2112,9178,90,391,63,273,36,156,12,12
03,02,076,166,12,722,56278,4195,745,3056,7284,2924,9568,2805,9178,119,389,84,274,48,157,12,12
03,02,077,1176,69,586,411560,24221,588,17647,7285,16888,9569,16204,9182,684,387,483,273,276,156,12,12
03,02,078,60,6,1000,19401,1710,881,1245,7280,1192,9574,1135,9116,57,457,33,265,20,160,12,12
03,02,079,997,60,601,348681,21077,604,15355,7285,14695,9570,14099,9182,596,388,420,273,240,156,12,12
03,02,080,782,42,537,273614,14689,536,10702,7285,10240,9568,9808,9164,432,403,294,274,168,156,12,12
03,02,081,48,2,416,15045,701,465,511,7289,489,9569,469,9178,20,391,14,273,8,156,12,12
03,02,082,246,18,731,85274,6072,712,4424,7285,4235,9572,4062,9181,173,391,121,273,68,153,12,12
03,02,083,130,6,461,42448,2112,497,1539,7286,1473,9571,1412,9174,61,396,42,272,24,155,12,12
03,02,084,291,24,824,96956,7952,820,5811,7307,5563,9573,5332,9175,231,397,158,271,90,154,12,12
03,02,085,104,3,288,35078,1050,299,765,7285,732,9568,702,9176,30,392,21,274,12,156,12,12
03,02,086,15,0,0,5128,0,0,0,0,0,0,0,0,0,0,0,0,0,0,12,12
03,02,087,271,33,1217,90738,11331,1248,8254,7284,7900,9571,7585,9189,315,381,226,273,128,155,12,12
03,02,088,12,0,0,3429,0,0,0,0,0,0,0,0,0,0,0,0,0,0,12,12
03,02,089,736,48,652,255728,16854,659,12277,7284,11749,9569,11271,9180,478,389,336,273,192,156,12,12
03,02,090,79,6,759,27185,2107,775,1536,7289,1470,9570,1413,9199,57,371,42,273,24,156,12,12
03,02,091,45,3,666,14321,1054,735,767,7277,734,9569,705,9191,29,378,21,273,12,156,12,12
03,02,092,1337,60,448,466244,20945,449,15261,7286,14606,9570,14017,9184,589,385,417,273,238,155,12,12
03,02,093,88,3,340,29638,1049,353,765,7292,732,9568,704,9202,28,366,21,274,12,156,12,12
03,02,094,45,3,666,13844,1056,762,769,7282,736,9570,708,9206,28,364,21,273,12,156,12,12
03,02,095,45,3,666,14409,1049,728,765,7292,732,9568,704,9202,28,366,21,274,12,156,12,12
03,02,096,65,3,461,20652,1050,508,765,7285,732,9568,702,9176,30,392,21,274,12,156,12,12
03,02,097,35,0,0,11184,0,0,0,0,0,0,0,0,0,0,0,0,0,0,12,12
03,02,098,55,3,545,18342,1041,567,758,7281,725,9564,696,9182,29,382,21,277,12,158,12,12
03,02,099,85,12,1411,28236,3289,1164,2418,7351,2318,9586,2216,9164,102,421,66,272,34,140,12,12
03,02,100,23,6,2608,7771,2104,2707,1533,7286,1467,9569,1407,9178,60,391,42,273,24,156,12,12
03,02,101,88,3,340,29489,1049,355,764,7283,731,9568,699,9149,32,418,21,274,12,157,12,12
03,02,102,61,3,491,20128,1058,525,771,7287,738,9571,708,9182,30,389,21,272,12,155,12,12
03,02,103,62,6,967,20302,1502,739,1121,7463,1075,9589,1023,9125,52,463,30,267,16,142,12,12
03,02,104,24,0,0,7324,0,0,0,0,0,0,0,0,0,0,0,0,0,0,12,12
03,02,105,385,9,233,131981,2865,217,2104,7343,2015,9576,1924,9144,91,432,57,270,32,152,12,12
03,02,106,782,54,690,272883,18970,695,13820,7285,13226,9570,12683,9177,543,392,378,273,216,156,12,12
03,02,107,363,39,1074,125330,13677,1091,9965,7285,9536,9569,9137,9169,399,400,273,273,156,156,12,12
03,02,108,155,6,387,52662,1910,362,1391,7282,1331,9568,1277,9180,54,388,38,273,22,158,12,12
03,02,109,168,12,714,58274,4250,729,3097,7287,2965,9573,2845,9186,120,387,84,271,48,154,12,12
03,02,110,29,3,1034,9513,1051,1104,765,7278,732,9568,702,9176,30,392,21,274,12,156,12,12
03,02,111,327,18,550,110943,5671,511,4156,7328,3981,9578,3814,9177,167,401,113,271,62,149,12,12
03,02,112,29,3,1034,8700,273,313,218,7985,211,9678,191,8761,20,917,5,229,2,91,12,12
03,02,113,904,33,365,315735,11595,367,8450,7287,8087,9570,7767,9191,320,378,231,273,132,156,12,12
03,02,114,43,3,697,14052,1051,747,766,7288,733,9569,702,9164,31,404,21,274,12,156,12,12
03,02,115,120,6,500,40266,2104,522,1532,7281,1466,9569,1406,9177,60,391,42,274,24,156,12,12
03,02,116,7,0,0,2230,0,0,0,0,0,0,0,0,0,0,0,0,0,0,12,12
03,02,117,155,9,580,51960,3162,608,2304,7286,2205,9570,2115,9179,90,390,63,273,36,156,12,12
03,02,118,808,48,594,282274,16634,589,12118,7285,11596,9569,11115,9172,481,396,332,273,190,156,12,12
03,02,119,216,7,324,74558,2446,328,1783,7289,1706,9568,1637,9181,69,386,49,274,28,157,12,12
03,02,120,26,0,0,8797,0,0,0,0,0,0,0,0,0,0,0,0,0,0,12,12
03,02,121,97,9,927,31399,2666,849,1967,7378,1886,9588,1799,9145,87,442,53,269,28,142,12,12
03,02,122,666,48,720,231515,16641,718,12122,7284,11600,9569,11117,9170,483,398,332,273,190,156,12,12
03,02,123,88,6,681,30606,2116,691,1542,7287,1476,9571,1415,9176,61,395,42,272,24,155,12,12
03,02,124,72,0,0,24298,0,0,0,0,0,0,0,0,0,0,0,0,0,0,12,12
03,02,125,281,36,1281,96740,12668,1309,9230,7286,8834,9570,8479,9186,355,384,252,273,144,156,12,12
03,02,126,20,3,1500,6641,1051,1582,766,7288,733,9569,702,9164,31,404,21,274,12,156,12,12
03,02,127,24,0,0,8077,0,0,0,0,0,0,0,0,0,0,0,0,0,0,12,12
03,02,128,190,15,789,65872,5269,799,3838,7284,3673,9570,3525,9184,148,385,105,273,60,156,12,12
03,02,129,633,41,647,221619,14406,650,10494,7284,10043,9570,9638,9184,405,385,287,273,164,156,12,12
03,02,130,774,57,736,270722,20041,740,14601,7285,13974,9570,13421,9191,553,378,399,273,228,156,12,12
03,02,131,30,3,1000,9827,681,692,517,7591,497,9613,476,9206,21,406,14,270,6,116,12,12
03,02,132,382,15,392,133705,5277,394,3843,7282,3678,9570,3532,9190,146,379,105,273,60,156,12,12
03,02,133,405,39,962,141869,13673,963,9961,7285,9532,9569,9138,9173,394,395,273,274,156,156,12,12
03,02,134,437,24,549,152783,8422,551,6134,7283,5870,9569,5631,9179,239,389,168,273,96,156,12,12
03,02,135,14,0,0,4906,0,0,0,0,0,0,0,0,0,0,0,0,0,0,12,12
03,02,999,36917,2179,590,12740804,750774,589,547280,7289,523786,9570,502298,9178,21488,392,14968,273,8526,155,12,12
02,03,001,396,24,606,137079,8316,606,6061,7288,5797,9564,5560,9173,237,391,168,277,96,158,12,12
02,03,002,19,3,1578,5806,913,1572,666,7294,635,9534,604,9069,31,465,19,285,12,180,12,12
02,03,002,29,3,1034,8799,921,1046,670,7274,639,9537,612,9134,27,402,19,283,12,179,12,12
02,03,002,48,6,1250,14605,1834,1255,1336,7284,1274,9535,1216,9101,58,434,38,284,24,179,12,12
02,03,003,20,0,0,6273,0,0,0,0,0,0,0,0,0,0,0,0,0,0,12,12
02,03,003,44,0,0,14119,0,0,0,0,0,0,0,0,0,0,0,0,0,0,12,12
02,03,003,64,0,0,20392,0,0,0,0,0,0,0,0,0,0,0,0,0,0,12,12
02,03,004,14,0,0,3019,0,0,0,0,0,0,0,0,0,0,0,0,0,0,12,12
02,03,005,10,0,0,2431,0,0,0,0,0,0,0,0,0,0,0,0,0,0,12,12
02,03,005,16,0,0,4036,0,0,0,0,0,0,0,0,0,0,0,0,0,0,12,12
02,03,006,22,2,909,7227,606,838,441,7277,423,9591,406,9206,17,385,12,272,6,136,12,12
02,03,006,13,1,769,3713,299,805,218,7290,208,9541,200,9174,8,366,6,275,4,183,12,12
02,03,006,35,3,857,10940,905,827,659,7281,631,9575,606,9195,25,379,18,273,10,151,12,12
02,03,007,16,0,0,4413,0,0,0,0,0,0,0,0,0,0,0,0,0,0,12,12
02,03,008,80,0,0,26781,0,0,0,0,0,0,0,0,0,0,0,0,0,0,12,12
02,03,009,13,0,0,4287,0,0,0,0,0,0,0,0,0,0,0,0,0,0,12,12
02,03,009,11,0,0,2903,0,0,0,0,0,0,0,0,0,0,0,0,0,0,12,12
02,03,009,13,0,0,4436,0,0,0,0,0,0,0,0,0,0,0,0,0,0,12,12
02,03,009,37,0,0,11626,0,0,0,0,0,0,0,0,0,0,0,0,0,0,12,12
02,03,010,20,0,0,5191,0,0,0,0,0,0,0,0,0,0,0,0,0,0,12,12
02,03,011,4,0,0,1076,0,0,0,0,0,0,0,0,0,0,0,0,0,0,12,12
02,03,011,12,3,2500,3521,980,2783,713,7275,680,9537,654,9172,26,364,21,294,12,168,12,12
02,03,011,15,3,2000,4579,968,2113,705,7283,672,9531,651,9234,21,297,21,297,12,170,12,12
02,03,011,31,6,1935,9176,1948,2122,1418,7279,1352,9534,1305,9203,47,331,42,296,24,169,12,12
02,03,012,9,0,0,2712,0,0,0,0,0,0,0,0,0,0,0,0,0,0,12,12
02,03,012,41,3,731,13042,1027,787,748,7283,715,9558,687,9184,28,374,21,280,12,160,12,12
02,03,012,50,3,600,15754,1027,651,748,7283,715,9558,687,9184,28,374,21,280,12,160,12,12
02,03,013,36,3,833,12215,1043,853,761,7296,728,9566,698,9172,30,394,21,275,12,157,12,12
02,03,013,8,0,0,2520,0,0,0,0,0,0,0,0,0,0,0,0,0,0,12,12
02,03,013,77,6,779,23126,1662,718,1224,7364,1172,9575,1120,9150,52,424,34,277,18,147,12,12
02,03,014,5,0,0,1564,0,0,0,0,0,0,0,0,0,0,0,0,0,0,12,12
02,03,015,22,0,0,6684,0,0,0,0,0,0,0,0,0,0,0,0,0,0,12,12
02,03,015,39,3,769,12247,1021,833,744,7286,711,9556,681,9153,30,403,21,282,12,161,12,12
02,03,015,61,3,491,18931,1021,539,744,7286,711,9556,681,9153,30,403,21,282,12,161,12,12
02,03,016,16,4,2500,4808,1378,2866,1004,7285,960,9561,921,9173,39,388,28,278,16,159,12,12
02,03,016,48,2,416,16128,686,425,500,7288,478,9559,460,9200,18,359,14,280,8,160,12,12
02,03,016,64,6,937,20936,2064,985,1504,7286,1438,9561,1381,9182,57,378,42,279,24,159,12,12
02,03,999,1014,57,562,327569,18777,573,13694,7292,13090,9558,12556,9168,534,389,384,280,220,160,12,12
03,03,001,396,24,606,137079,8316,606,6061,7288,5797,9564,5560,9173,237,391,168,277,96,158,12,12
03,03,002,19,3,1578,5806,913,1572,666,7294,635,9534,604,9069,31,465,19,285,12,180,12,12
03,03,002,29,3,1034,8799,921,1046,670,7274,639,9537,612,9134,27,402,19,283,12,179,12,12
03,03,002,48,6,1250,14605,1834,1255,1336,7284,1274,9535,1216,9101,58,434,38,284,24,179,12,12
03,03,003,20,0,0,6273,0,0,0,0,0,0,0,0,0,0,0,0,0,0,12,12
03,03,003,44,0,0,14119,0,0,0,0,0,0,0,0,0,0,0,0,0,0,12,12
03,03,003,64,0,0,20392,0,0,0,0,0,0,0,0,0,0,0,0,0,0,12,12
03,03,004,14,0,0,3019,0,0,0,0,0,0,0,0,0,0,0,0,0,0,12,12
03,03,005,10,0,0,2431,0,0,0,0,0,0,0,0,0,0,0,0,0,0,12,12
03,03,005,16,0,0,4036,0,0,0,0,0,0,0,0,0,0,0,0,0,0,12,12
03,03,006,22,2,909,7227,606,838,441,7277,423,9591,406,9206,17,385,12,272,6,136,12,12
03,03,006,13,1,769,3713,299,805,218,7290,208,9541,200,9174,8,366,6,275,4,183,12,12
03,03,006,35,3,857,10940,905,827,659,7281,631,9575,606,9195,25,379,18,273,10,151,12,12
03,03,007,16,0,0,4413,0,0,0,0,0,0,0,0,0,0,0,0,0,0,12,12
03,03,008,80,0,0,26781,0,0,0,0,0,0,0,0,0,0,0,0,0,0,12,12
03,03,009,13,0,0,4287,0,0,0,0,0,0,0,0,0,0,0,0,0,0,12,12
03,03,009,11,0,0,2903,0,0,0,0,0,0,0,0,0,0,0,0,0,0,12,12
03,03,009,13,0,0,4436,0,0,0,0,0,0,0,0,0,0,0,0,0,0,12,12
03,03,009,37,0,0,11626,0,0,0,0,0,0,0,0,0,0,0,0,0,0,12,12
03,03,010,20,0,0,5191,0,0,0,0,0,0,0,0,0,0,0,0,0,0,12,12
03,03,011,4,0,0,1076,0,0,0,0,0,0,0,0,0,0,0,0,0,0,12,12
03,03,011,12,3,2500,3521,980,2783,713,7275,680,9537,654,9172,26,364,21,294,12,168,12,12
03,03,011,15,3,2000,4579,968,2113,705,7283,672,9531,651,9234,21,297,21,297,12,170,12,12
03,03,011,31,6,1935,9176,1948,2122,1418,7279,1352,9534,1305,9203,47,331,42,296,24,169,12,12
03,03,012,9,0,0,2712,0,0,0,0,0,0,0,0,0,0,0,0,0,0,12,12
03,03,012,41,3,731,13042,1027,787,748,7283,715,9558,687,9184,28,374,21,280,12,160,12,12
03,03,012,50,3,600,15754,1027,651,748,7283,715,9558,687,9184,28,374,21,280,12,160,12,12
03,03,013,36,3,833,12215,1043,853,761,7296,728,9566,698,9172,30,394,21,275,12,157,12,12
03,03,013,8,0,0,2520,0,0,0,0,0,0,0,0,0,0,0,0,0,0,12,12
03,03,013,77,6,779,23126,1662,718,1224,7364,1172,9575,1120,9150,52,424,34,277,18,147,12,12
03,03,014,5,0,0,1564,0,0,0,0,0,0,0,0,0,0,0,0,0,0,12,12
03,03,015,22,0,0,6684,0,0,0,0,0,0,0,0,0,0,0,0,0,0,12,12
03,03,015,39,3,769,12247,1021,833,744,7286,711,9556,681,9153,30,403,21,282,12,161,12,12
03,03,015,61,3,491,18931,1021,539,744,7286,711,9556,681,9153,30,403,21,282,12,161,12,12
03,03,016,16,4,2500,4808,1378,2866,1004,7285,960,9561,921,9173,39,388,28,278,16,159,12,12
03,03,016,48,2,416,16128,686,425,500,7288,478,9559,460,9200,18,359,14,280,8,160,12,12
03,03,016,64,6,937,20936,2064,985,1504,7286,1438,9561,1381,9182,57,378,42,279,24,159,12,12
03,03,999,1014,57,562,327569,18777,573,13694,7292,13090,9558,12556,9168,534,389,384,280,220,160,12,12
02,04,001,3245,165,508,1116789,57105,511,41608,7286,39793,9563,37699,9060,2094,503,1155,277,660,158,12,12
02,04,002,182,12,659,58571,3963,676,2887,7284,2758,9553,2610,9040,148,512,81,280,48,166,12,12
02,04,003,701,45,641,241456,15591,645,11362,7287,10867,9564,10292,9058,575,506,315,277,180,158,12,12
02,04,004,166,9,542,51687,2386,461,1758,7367,1681,9562,1589,9038,92,523,49,278,28,159,12,12
02,04,005,90,0,0,29101,0,0,0,0,0,0,0,0,0,0,0,0,0,0,12,12
02,04,006,350,27,771,118013,8289,702,6066,7318,5800,9561,5484,9040,316,520,168,276,98,161,12,12
02,04,007,90,6,666,28799,2010,697,1463,7278,1398,9555,1324,9049,74,505,41,280,24,164,12,12
02,04,008,166,3,180,54454,1038,190,756,7283,723,9563,685,9060,38,502,21,277,12,158,12,12
02,04,009,265,9,339,88813,2916,328,2125,7287,2034,9571,1923,9049,111,522,59,277,32,150,12,12
02,04,010,23,0,0,5006,0,0,0,0,0,0,0,0,0,0,0,0,0,0,12,12
02,04,011,18,0,0,4887,0,0,0,0,0,0,0,0,0,0,0,0,0,0,12,12
02,04,012,529,33,623,181122,11345,626,8265,7285,7905,9564,7485,9056,420,508,228,275,132,159,12,12
02,04,013,647,30,463,218015,10357,475,7548,7287,7218,9562,6838,9059,380,503,210,278,120,158,12,12
02,04,014,141,6,425,43240,1922,444,1401,7289,1338,9550,1274,9093,64,456,39,278,24,171,12,12
02,04,015,48,6,1250,13304,1295,973,944,7289,905,9586,841,8908,64,677,25,264,14,148,12,12
02,04,016,278,21,755,92933,7237,778,5270,7282,5039,9561,4782,9074,257,487,147,278,84,159,12,12
02,04,017,96,12,1250,31511,3948,1252,2876,7284,2746,9547,2607,9064,139,483,82,285,48,166,12,12
02,04,018,118,10,847,36853,3208,870,2338,7288,2234,9555,2125,9088,109,466,66,282,38,162,12,12
02,04,019,154,16,1038,51671,5196,1005,3783,7280,3618,9563,3421,9043,197,520,105,277,60,158,12,12
02,04,020,553,25,452,185688,8214,442,5985,7286,5722,9560,5418,9052,304,507,167,279,96,160,12,12
02,04,021,314,33,1050,103865,11287,1086,8224,7286,7861,9558,7457,9067,404,491,231,280,132,160,12,12
02,04,022,14,0,0,4276,0,0,0,0,0,0,0,0,0,0,0,0,0,0,12,12
02,04,023,294,9,306,100017,2925,292,2130,7282,2034,9549,1923,9028,111,521,60,281,36,169,12,12
02,04,024,58,6,1034,17894,1525,852,1128,7396,1082,9592,1020,9042,62,549,30,265,16,141,12,12
02,04,025,46,2,434,12463,607,487,442,7281,422,9547,398,9004,24,542,12,271,8,180,12,12
02,04,026,288,19,659,95325,6206,651,4521,7284,4323,9562,4099,9066,224,495,126,278,72,159,12,12
02,04,999,8874,504,567,2985753,168570,564,122880,7289,117501,9562,111294,9057,6207,505,3417,278,1962,159,12,12
03,04,001,3245,165,508,1116789,57105,511,41608,7286,39793,9563,37699,9060,2094,503,1155,277,660,158,12,12
03,04,002,182,12,659,58571,3963,676,2887,7284,2758,9553,2610,9040,148,512,81,280,48,166,12,12
03,04,003,701,45,641,241456,15591,645,11362,7287,10867,9564,10292,9058,575,506,315,277,180,158,12,12
03,04,004,166,9,542,51687,2386,461,1758,7367,1681,9562,1589,9038,92,523,49,278,28,159,12,12
03,04,005,90,0,0,29101,0,0,0,0,0,0,0,0,0,0,0,0,0,0,12,12
03,04,006,350,27,771,118013,8289,702,6066,7318,5800,9561,5484,9040,316,520,168,276,98,161,12,12
03,04,007,90,6,666,28799,2010,697,1463,7278,1398,9555,1324,9049,74,505,41,280,24,164,12,12
03,04,008,166,3,180,54454,1038,190,756,7283,723,9563,685,9060,38,502,21,277,12,158,12,12
03,04,009,265,9,339,88813,2916,328,2125,7287,2034,9571,1923,9049,111,522,59,277,32,150,12,12
03,04,010,23,0,0,5006,0,0,0,0,0,0,0,0,0,0,0,0,0,0,12,12
03,04,011,18,0,0,4887,0,0,0,0,0,0,0,0,0,0,0,0,0,0,12,12
03,04,012,529,33,623,181122,11345,626,8265,7285,7905,9564,7485,9056,420,508,228,275,132,159,12,12
03,04,013,647,30,463,218015,10357,475,7548,7287,7218,9562,6838,9059,380,503,210,278,120,158,12,12
03,04,014,141,6,425,43240,1922,444,1401,7289,1338,9550,1274,9093,64,456,39,278,24,171,12,12
03,04,015,48,6,1250,13304,1295,973,944,7289,905,9586,841,8908,64,677,25,264,14,148,12,12
03,04,016,278,21,755,92933,7237,778,5270,7282,5039,9561,4782,9074,257,487,147,278,84,159,12,12
03,04,017,96,12,1250,31511,3948,1252,2876,7284,2746,9547,2607,9064,139,483,82,285,48,166,12,12
03,04,018,118,10,847,36853,3208,870,2338,7288,2234,9555,2125,9088,109,466,66,282,38,162,12,12
03,04,019,154,16,1038,51671,5196,1005,3783,7280,3618,9563,3421,9043,197,520,105,277,60,158,12,12
03,04,020,553,25,452,185688,8214,442,5985,7286,5722,9560,5418,9052,304,507,167,279,96,160,12,12
03,04,021,314,33,1050,103865,11287,1086,8224,7286,7861,9558,7457,9067,404,491,231,280,132,160,12,12
03,04,022,14,0,0,4276,0,0,0,0,0,0,0,0,0,0,0,0,0,0,12,12
03,04,023,294,9,306,100017,2925,292,2130,7282,2034,9549,1923,9028,111,521,60,281,36,169,12,12
03,04,024,58,6,1034,17894,1525,852,1128,7396,1082,9592,1020,9042,62,549,30,265,16,141,12,12
03,04,025,46,2,434,12463,607,487,442,7281,422,9547,398,9004,24,542,12,271,8,180,12,12
03,04,026,288,19,659,95325,6206,651,4521,7284,4323,9562,4099,9066,224,495,126,278,72,159,12,12
03,04,999,8874,504,567,2985753,168570,564,122880,7289,117501,9562,111294,9057,6207,505,3417,278,1962,159,12,12
02,05,001,873,48,549,302758,16808,555,12246,7285,11718,9568,11239,9177,479,391,336,274,192,156,12,12
02,05,002,227,9,396,77974,3143,403,2290,7286,2191,9567,2101,9174,90,393,63,275,36,157,12,12
02,05,003,114,6,526,38601,2094,542,1526,7287,1460,9567,1400,9174,60,393,42,275,24,157,12,12
02,05,004,111,3,270,37412,1045,279,761,7282,728,9566,698,9172,30,394,21,275,12,157,12,12
02,05,005,93,9,967,31252,2818,901,2052,7281,1964,9571,1879,9156,85,414,56,272,32,155,12,12
02,05,006,79,6,759,26944,2055,762,1497,7284,1432,9565,1373,9171,59,394,41,273,24,160,12,12
02,05,007,157,6,382,52872,1378,260,1023,7423,982,9599,934,9130,48,469,27,263,14,136,12,12
02,05,008,133,6,451,45507,2096,460,1527,7285,1461,9567,1401,9174,60,392,42,275,24,157,12,12
02,05,009,95,3,315,32285,1053,326,767,7283,734,9569,704,9178,30,391,21,273,12,156,12,12
02,05,010,53,3,566,17431,825,473,601,7284,575,9567,550,9151,25,415,16,266,10,166,12,12
02,05,011,95,12,1263,32478,4190,1290,3053,7286,2921,9567,2801,9174,120,393,84,275,48,157,12,12
02,05,012,43,3,697,14382,1050,730,765,7285,732,9568,702,9176,30,392,21,274,12,156,12,12
02,05,013,52,3,576,17263,1050,608,765,7285,732,9568,702,9176,30,392,21,274,12,156,12,12
02,05,014,46,6,1304,14316,1554,1085,1130,7271,1078,9539,1027,9088,51,451,32,283,20,176,12,12
02,05,015,59,0,0,19697,0,0,0,0,0,0,0,0,0,0,0,0,0,0,12,12
02,05,016,37,3,810,11849,1052,887,766,7281,733,9569,703,9177,30,391,21,274,12,156,12,12
02,05,017,55,3,545,17919,1050,585,765,7285,732,9568,702,9176,30,392,21,274,12,156,12,12
02,05,018,28,1,357,9129,101,110,73,7227,71,9726,65,8904,6,821,2,273,0,0,12,12
02,05,019,106,11,1037,34964,3724,1065,2712,7282,2596,9572,2489,9177,107,394,74,272,42,154,12,12
02,05,020,26,0,0,8028,0,0,0,0,0,0,0,0,0,0,0,0,0,0,12,12
02,05,021,65,0,0,21785,0,0,0,0,0,0,0,0,0,0,0,0,0,0,12,12
02,05,022,22,0,0,7181,0,0,0,0,0,0,0,0,0,0,0,0,0,0,12,12
02,05,023,30,12,4000,9751,4152,4258,3024,7283,2893,9566,2774,9173,119,393,83,274,48,158,12,12
02,05,024,30,0,0,9821,0,0,0,0,0,0,0,0,0,0,0,0,0,0,12,12
02,05,025,9,0,0,2585,0,0,0,0,0,0,0,0,0,0,0,0,0,0,12,12
02,05,999,2638,153,579,894184,51238,573,37343,7288,35733,9568,34244,9170,1489,398,1024,274,586,156,12,12
03,05,001,873,48,549,302758,16808,555,12246,7285,11718,9568,11238,9176,480,391,336,274,192,156,12,12
03,05,002,227,9,396,77974,3143,403,2290,7286,2191,9567,2101,9174,90,393,63,275,36,157,12,12
03,05,003,114,6,526,38601,2094,542,1526,7287,1460,9567,1400,9174,60,393,42,275,24,157,12,12
03,05,004,111,3,270,37412,1045,279,761,7282,728,9566,698,9172,30,394,21,275,12,157,12,12
03,05,005,93,9,967,31252,2818,901,2052,7281,1964,9571,1878,9152,86,419,56,272,32,155,12,12
03,05,006,79,6,759,26944,2055,762,1497,7284,1432,9565,1372,9164,60,400,41,273,24,160,12,12
03,05,007,157,6,382,52872,1378,260,1023,7423,982,9599,932,9110,50,488,27,263,14,136,12,12
03,05,008,133,6,451,45507,2096,460,1527,7285,1461,9567,1401,9174,60,392,42,275,24,157,12,12
03,05,009,95,3,315,32285,1053,326,767,7283,734,9569,704,9178,30,391,21,273,12,156,12,12
03,05,010,53,3,566,17431,825,473,601,7284,575,9567,550,9151,25,415,16,266,10,166,12,12
03,05,011,95,12,1263,32478,4190,1290,3053,7286,2921,9567,2800,9171,121,396,84,275,48,157,12,12
03,05,012,43,3,697,14382,1050,730,765,7285,732,9568,702,9176,30,392,21,274,12,156,12,12
03,05,013,52,3,576,17263,1050,608,765,7285,732,9568,702,9176,30,392,21,274,12,156,12,12
03,05,014,46,6,1304,14316,1554,1085,1130,7271,1078,9539,1027,9088,51,451,32,283,20,176,12,12
03,05,015,59,0,0,19697,0,0,0,0,0,0,0,0,0,0,0,0,0,0,12,12
03,05,016,37,3,810,11849,1052,887,766,7281,733,9569,703,9177,30,391,21,274,12,156,12,12
03,05,017,55,3,545,17919,1050,585,765,7285,732,9568,702,9176,30,392,21,274,12,156,12,12
03,05,018,28,1,357,9129,101,110,73,7227,71,9726,64,8767,7,958,2,273,0,0,12,12
03,05,019,106,11,1037,34964,3724,1065,2712,7282,2596,9572,2488,9174,108,398,74,272,42,154,12,12
03,05,020,26,0,0,8028,0,0,0,0,0,0,0,0,0,0,0,0,0,0,12,12
03,05,021,65,0,0,21785,0,0,0,0,0,0,0,0,0,0,0,0,0,0,12,12
03,05,022,22,0,0,7181,0,0,0,0,0,0,0,0,0,0,0,0,0,0,12,12
03,05,023,30,12,4000,9751,4152,4258,3024,7283,2893,9566,2773,9169,120,396,83,274,48,158,12,12
03,05,024,30,0,0,9821,0,0,0,0,0,0,0,0,0,0,0,0,0,0,12,12
03,05,025,9,0,0,2585,0,0,0,0,0,0,0,0,0,0,0,0,0,0,12,12
03,05,999,2638,153,579,894184,51238,573,37343,7288,35733,9568,34235,9167,1498,401,1024,274,586,156,12,12
03,06,001,1035,39,376,354262,13438,379,9791,7286,9362,9561,8860,9049,502,512,273,278,156,159,12,12
03,06,002,36,0,0,11713,0,0,0,0,0,0,0,0,0,0,0,0,0,0,12,12
03,06,003,37,0,0,11800,0,0,0,0,0,0,0,0,0,0,0,0,0,0,12,12
03,06,004,40,6,1500,13296,2035,1530,1484,7292,1418,9555,1348,9083,70,471,42,283,24,161,12,12
03,06,005,47,0,0,15646,0,0,0,0,0,0,0,0,0,0,0,0,0,0,12,12
03,06,006,33,0,0,10939,0,0,0,0,0,0,0,0,0,0,0,0,0,0,12,12
03,06,007,76,12,1578,24453,3747,1532,2729,7283,2609,9560,2467,9039,142,520,76,278,44,161,12,12
03,06,008,159,9,566,53624,3106,579,2265,7292,2167,9567,2056,9077,111,490,62,273,36,158,12,12
03,06,009,13,3,2307,3278,692,2111,503,7268,481,9562,452,8986,29,576,14,278,8,159,12,12
03,06,010,40,6,1500,13362,1972,1475,1438,7292,1375,9561,1305,9075,70,486,39,271,24,166,12,12
03,06,011,150,6,400,51218,2073,404,1510,7284,1444,9562,1362,9019,82,543,42,278,24,158,12,12
03,06,012,55,9,1636,18383,3042,1654,2215,7281,2116,9553,2006,9056,110,496,63,284,36,162,12,12
03,06,013,251,9,358,85103,3109,365,2266,7288,2167,9563,2053,9060,114,503,63,278,36,158,12,12
03,06,014,86,9,1046,29279,2887,986,2103,7284,2010,9557,1905,9058,105,499,57,271,36,171,12,12
03,06,015,76,12,1578,25683,4098,1595,2985,7284,2853,9557,2690,9011,163,546,84,281,48,160,12,12
03,06,016,64,0,0,21748,0,0,0,0,0,0,0,0,0,0,0,0,0,0,12,12
03,06,017,58,3,517,19541,1019,521,742,7281,709,9555,674,9083,35,471,21,283,12,161,12,12
03,06,018,32,0,0,10566,0,0,0,0,0,0,0,0,0,0,0,0,0,0,12,12
03,06,019,74,3,405,25152,1043,414,761,7296,728,9566,687,9027,41,538,21,275,12,157,12,12
03,06,020,81,3,370,27974,1042,372,760,7293,727,9565,684,9000,43,565,21,276,12,157,12,12
03,06,021,58,9,1551,19941,3134,1571,2285,7291,2186,9566,2065,9037,121,529,63,275,36,157,12,12
03,06,022,19,0,0,6380,0,0,0,0,0,0,0,0,0,0,0,0,0,0,12,12
03,06,023,30,3,1000,10096,1025,1015,747,7287,714,9558,677,9062,37,495,21,281,12,160,12,12
03,06,024,91,6,659,30724,2016,656,1468,7281,1402,9550,1334,9087,68,463,42,286,24,163,12,12
03,06,025,210,6,285,71540,2045,285,1491,7290,1425,9557,1352,9067,73,489,42,281,24,160,12,12
03,06,999,2851,153,536,965701,51523,533,37543,7286,35893,9560,33977,9050,1916,510,1046,278,604,160,12,12
02,07,001,340,24,705,114916,7816,680,5695,7286,5443,9557,5198,9127,245,430,158,277,94,165,12,12
02,07,002,209,9,430,72001,3129,434,2279,7283,2180,9565,2083,9139,97,425,63,276,36,157,12,12
02,07,003,5,0,0,1405,0,0,0,0,0,0,0,0,0,0,0,0,0,0,12,12
02,07,004,5,0,0,1112,0,0,0,0,0,0,0,0,0,0,0,0,0,0,12,12
02,07,005,71,9,1267,22998,2523,1097,1854,7348,1772,9557,1683,9077,89,480,52,280,30,161,12,12
02,07,006,121,18,1487,39636,6106,1540,4449,7286,4254,9561,4059,9123,195,438,123,276,72,161,12,12
02,07,007,9,0,0,2594,0,0,0,0,0,0,0,0,0,0,0,0,0,0,12,12
02,07,008,1,0,0,176,0,0,0,0,0,0,0,0,0,0,0,0,0,0,12,12
02,07,008,15,0,0,4877,0,0,0,0,0,0,0,0,0,0,0,0,0,0,12,12
02,07,009,5,0,0,1557,0,0,0,0,0,0,0,0,0,0,0,0,0,0,12,12
02,07,010,3,0,0,610,0,0,0,0,0,0,0,0,0,0,0,0,0,0,12,12
02,07,011,5,0,0,1424,0,0,0,0,0,0,0,0,0,0,0,0,0,0,12,12
02,07,012,32,3,937,10117,963,951,702,7289,670,9544,643,9159,27,384,20,284,12,170,12,12
02,07,013,1,0,0,160,0,0,0,0,0,0,0,0,0,0,0,0,0,0,12,12
02,07,013,18,0,0,5041,0,0,0,0,0,0,0,0,0,0,0,0,0,0,12,12
02,07,014,32,3,937,10408,1021,980,744,7286,711,9556,680,9139,31,416,21,282,12,161,12,12
02,07,015,468,27,576,160197,9293,580,6769,7283,6472,9561,6178,9126,294,434,189,279,108,159,12,12
02,07,999,1338,93,695,448893,30851,687,22492,7290,21502,9559,20524,9125,978,434,626,278,364,161,12,12
03,07,001,340,24,705,114916,7816,680,5695,7286,5443,9557,5198,9127,245,430,158,277,94,165,12,12
03,07,002,209,9,430,72001,3129,434,2279,7283,2180,9565,2083,9139,97,425,63,276,36,157,12,12
03,07,003,5,0,0,1405,0,0,0,0,0,0,0,0,0,0,0,0,0,0,12,12
03,07,004,5,0,0,1112,0,0,0,0,0,0,0,0,0,0,0,0,0,0,12,12
03,07,005,71,9,1267,22998,2523,1097,1854,7348,1772,9557,1683,9077,89,480,52,280,30,161,12,12
03,07,006,121,18,1487,39636,6106,1540,4449,7286,4254,9561,4059,9123,195,438,123,276,72,161,12,12
03,07,007,9,0,0,2594,0,0,0,0,0,0,0,0,0,0,0,0,0,0,12,12
03,07,008,1,0,0,176,0,0,0,0,0,0,0,0,0,0,0,0,0,0,12,12
03,07,008,15,0,0,4877,0,0,0,0,0,0,0,0,0,0,0,0,0,0,12,12
03,07,009,5,0,0,1557,0,0,0,0,0,0,0,0,0,0,0,0,0,0,12,12
03,07,010,3,0,0,610,0,0,0,0,0,0,0,0,0,0,0,0,0,0,12,12
03,07,011,5,0,0,1424,0,0,0,0,0,0,0,0,0,0,0,0,0,0,12,12
03,07,012,32,3,937,10117,963,951,702,7289,670,9544,643,9159,27,384,20,284,12,170,12,12
03,07,013,1,0,0,160,0,0,0,0,0,0,0,0,0,0,0,0,0,0,12,12
03,07,013,18,0,0,5041,0,0,0,0,0,0,0,0,0,0,0,0,0,0,12,12
03,07,014,32,3,937,10408,1021,980,744,7286,711,9556,680,9139,31,416,21,282,12,161,12,12
03,07,015,468,27,576,160197,9293,580,6769,7283,6472,9561,6178,9126,294,434,189,279,108,159,12,12
03,07,999,1338,93,695,448893,30851,687,22492,7290,21502,9559,20524,9125,978,434,626,278,364,161,12,12
03,08,001,918,60,653,311111,19790,636,14436,7294,13819,9572,13147,9107,672,465,395,273,222,153,12,12
03,08,003,178,15,842,59626,4896,821,3565,7281,3411,9568,3243,9096,168,471,98,274,56,157,12,12
03,08,004,132,6,454,42323,2099,495,1529,7284,1463,9568,1393,9110,70,457,42,274,24,156,12,12
03,08,005,100,6,600,32129,2101,653,1530,7282,1464,9568,1394,9111,70,457,42,274,24,156,12,12
03,08,006,107,9,841,33956,2862,842,2107,7361,2017,9572,1918,9102,99,469,58,275,32,151,12,12
03,08,007,142,12,845,47083,3729,792,2737,7339,2620,9572,2488,9090,132,482,75,274,42,153,12,12
03,08,008,78,5,641,24162,1462,605,1065,7284,1020,9577,968,9089,52,488,29,272,16,150,12,12
03,08,009,272,22,808,89616,7429,828,5411,7283,5178,9569,4928,9107,250,462,149,275,84,155,12,12
03,08,010,302,9,298,100079,3143,314,2290,7286,2191,9567,2088,9117,103,449,63,275,36,157,12,12
03,08,011,38,6,1578,12053,2095,1738,1526,7284,1460,9567,1388,9095,72,471,42,275,24,157,12,12
03,08,012,130,12,923,42677,3788,887,2776,7328,2656,9567,2532,9121,124,446,76,273,44,158,12,12
03,08,013,423,9,212,145025,3145,216,2291,7284,2192,9567,2088,9113,104,453,63,274,36,157,12,12
03,08,014,77,0,0,23967,0,0,0,0,0,0,0,0,0,0,0,0,0,0,12,12
03,08,015,177,9,508,57965,2691,464,1959,7279,1876,9576,1781,9091,95,484,53,270,30,153,12,12
03,08,016,42,0,0,13428,0,0,0,0,0,0,0,0,0,0,0,0,0,0,12,12
03,08,017,188,3,159,62302,1052,168,766,7281,733,9569,698,9112,35,456,21,274,12,156,12,12
03,08,018,51,3,588,16517,1052,636,766,7281,733,9569,698,9112,35,456,21,274,12,156,12,12
03,08,999,3355,186,554,1114019,61334,550,44754,7296,42833,9570,40752,9105,2081,464,1227,274,694,155,12,12
03,09,001,596,30,503,203674,10414,511,7591,7289,7261,9565,7054,9292,207,272,210,276,120,158,12,12
03,09,002,54,3,555,16921,987,583,720,7294,687,9541,669,9291,18,250,21,291,12,166,12,12
03,09,003,225,9,400,74952,3031,404,2207,7281,2112,9569,2051,9293,61,276,61,276,34,154,12,12
03,09,004,177,21,1186,55990,6221,1111,4572,7349,4378,9575,4253,9302,125,273,126,275,68,148,12,12
03,09,005,53,3,566,16554,990,598,720,7272,687,9541,669,9291,18,250,21,291,12,166,12,12
03,09,006,215,9,418,62837,3051,485,2223,7286,2124,9554,2070,9311,54,242,63,283,36,161,12,12
03,09,007,46,4,869,12934,566,437,438,7738,422,9634,408,9315,14,319,10,228,6,136,12,12
03,09,008,39,11,2820,12787,3767,2945,2744,7284,2623,9559,2552,9300,71,258,77,280,44,160,12,12
03,09,009,36,3,833,11650,845,725,615,7278,585,9512,567,9219,18,292,18,292,12,195,12,12
03,09,999,1441,93,645,468299,29872,637,21830,7307,20879,9564,20293,9295,586,268,607,278,344,157,12,12
03,10,001,654,27,412,224482,9252,412,6742,7287,6445,9559,6250,9270,195,289,189,280,108,160,12,12
03,10,002,135,9,666,46666,3129,670,2279,7283,2180,9565,2112,9267,68,298,63,276,36,157,12,12
03,10,003,18,6,3333,5402,1724,3191,1282,7436,1228,9578,1192,9297,36,280,34,265,20,156,12,12
03,10,004,235,18,765,80779,6296,779,4588,7287,4390,9568,4260,9285,130,283,126,274,72,156,12,12
03,10,005,189,9,476,64412,3139,487,2288,7288,2189,9567,2121,9270,68,297,63,275,36,157,12,12
03,10,006,45,0,0,14942,0,0,0,0,0,0,0,0,0,0,0,0,0,0,12,12
03,10,007,198,9,454,67521,3119,461,2273,7287,2174,9564,2108,9274,66,290,63,277,36,158,12,12
03,10,008,13,0,0,2782,0,0,0,0,0,0,0,0,0,0,0,0,0,0,12,12
03,10,009,18,0,0,4873,0,0,0,0,0,0,0,0,0,0,0,0,0,0,12,12
03,10,010,38,0,0,11306,0,0,0,0,0,0,0,0,0,0,0,0,0,0,12,12
03,10,011,50,6,1200,14533,1945,1338,1418,7290,1354,9548,1314,9266,40,282,40,282,24,169,12,12
03,10,012,40,0,0,10970,0,0,0,0,0,0,0,0,0,0,0,0,0,0,12,12
03,10,013,8,0,0,1653,0,0,0,0,0,0,0,0,0,0,0,0,0,0,12,12
03,10,014,13,0,0,2522,0,0,0,0,0,0,0,0,0,0,0,0,0,0,12,12
03,10,015,55,9,1636,17847,2712,1519,1976,7286,1891,9569,1834,9281,57,288,55,278,30,151,12,12
03,10,016,12,0,0,3268,0,0,0,0,0,0,0,0,0,0,0,0,0,0,12,12
03,10,999,1721,93,540,573958,31316,545,22846,7295,21851,9564,21191,9275,660,288,633,277,362,158,12,12
02,11,001,30,0,0,9801,0,0,0,0,0,0,0,0,0,0,0,0,0,0,12,12
02,11,002,273,12,439,94943,4195,441,3056,7284,2924,9568,2800,9162,124,405,84,274,48,157,12,12
02,11,003,6,0,0,2073,0,0,0,0,0,0,0,0,0,0,0,0,0,0,12,12
02,11,004,21,0,0,6801,0,0,0,0,0,0,0,0,0,0,0,0,0,0,12,12
02,11,005,9,0,0,2612,0,0,0,0,0,0,0,0,0,0,0,0,0,0,12,12
02,11,006,33,6,1818,10948,1995,1822,1453,7283,1387,9545,1323,9105,64,440,42,289,24,165,12,12
02,11,007,5,0,0,1410,0,0,0,0,0,0,0,0,0,0,0,0,0,0,12,12
02,11,008,40,3,750,13115,1032,786,752,7286,719,9561,688,9148,31,412,21,279,12,159,12,12
02,11,009,4,0,0,875,0,0,0,0,0,0,0,0,0,0,0,0,0,0,12,12
02,11,010,27,0,0,8143,0,0,0,0,0,0,0,0,0,0,0,0,0,0,12,12
02,11,011,23,0,0,7230,0,0,0,0,0,0,0,0,0,0,0,0,0,0,12,12
02,11,012,24,0,0,7955,0,0,0,0,0,0,0,0,0,0,0,0,0,0,12,12
02,11,013,1,0,0,253,0,0,0,0,0,0,0,0,0,0,0,0,0,0,12,12
02,11,014,2,0,0,363,0,0,0,0,0,0,0,0,0,0,0,0,0,0,12,12
02,11,015,155,18,1161,53191,6246,1174,4550,7284,4352,9564,4163,9149,189,415,126,276,72,158,12,12
02,11,016,27,0,0,8839,0,0,0,0,0,0,0,0,0,0,0,0,0,0,12,12
02,11,017,25,0,0,7714,0,0,0,0,0,0,0,0,0,0,0,0,0,0,12,12
02,11,018,31,3,967,9545,923,966,671,7269,641,9552,612,9120,29,432,18,268,12,178,12,12
02,11,019,45,0,0,14928,0,0,0,0,0,0,0,0,0,0,0,0,0,0,12,12
02,11,020,44,0,0,13955,0,0,0,0,0,0,0,0,0,0,0,0,0,0,12,12
02,11,021,15,0,0,4938,0,0,0,0,0,0,0,0,0,0,0,0,0,0,12,12
02,11,022,43,6,1395,14011,2063,1472,1504,7290,1438,9561,1380,9175,58,385,42,279,24,159,12,12
02,11,999,883,48,543,293643,16454,560,11986,7284,11461,9561,10966,9149,495,412,333,277,192,160,12,12
03,11,001,30,0,0,9801,0,0,0,0,0,0,0,0,0,0,0,0,0,0,12,12
03,11,002,273,12,439,94943,4195,441,3056,7284,2924,9568,2800,9162,124,405,84,274,48,157,12,12
03,11,003,6,0,0,2073,0,0,0,0,0,0,0,0,0,0,0,0,0,0,12,12
03,11,004,21,0,0,6801,0,0,0,0,0,0,0,0,0,0,0,0,0,0,12,12
03,11,005,9,0,0,2612,0,0,0,0,0,0,0,0,0,0,0,0,0,0,12,12
03,11,006,33,6,1818,10948,1995,1822,1453,7283,1387,9545,1323,9105,64,440,42,289,24,165,12,12
03,11,007,5,0,0,1410,0,0,0,0,0,0,0,0,0,0,0,0,0,0,12,12
03,11,008,40,3,750,13115,1032,786,752,7286,719,9561,688,9148,31,412,21,279,12,159,12,12
03,11,009,4,0,0,875,0,0,0,0,0,0,0,0,0,0,0,0,0,0,12,12
03,11,010,27,0,0,8143,0,0,0,0,0,0,0,0,0,0,0,0,0,0,12,12
03,11,011,23,0,0,7230,0,0,0,0,0,0,0,0,0,0,0,0,0,0,12,12
03,11,012,24,0,0,7955,0,0,0,0,0,0,0,0,0,0,0,0,0,0,12,12
03,11,013,1,0,0,253,0,0,0,0,0,0,0,0,0,0,0,0,0,0,12,12
03,11,014,2,0,0,363,0,0,0,0,0,0,0,0,0,0,0,0,0,0,12,12
03,11,015,155,18,1161,53191,6246,1174,4550,7284,4352,9564,4163,9149,189,415,126,276,72,158,12,12
03,11,016,27,0,0,8839,0,0,0,0,0,0,0,0,0,0,0,0,0,0,12,12
03,11,017,25,0,0,7714,0,0,0,0,0,0,0,0,0,0,0,0,0,0,12,12
03,11,018,31,3,967,9545,923,966,671,7269,641,9552,612,9120,29,432,18,268,12,178,12,12
03,11,019,45,0,0,14928,0,0,0,0,0,0,0,0,0,0,0,0,0,0,12,12
03,11,020,44,0,0,13955,0,0,0,0,0,0,0,0,0,0,0,0,0,0,12,12
03,11,021,15,0,0,4938,0,0,0,0,0,0,0,0,0,0,0,0,0,0,12,12
03,11,022,43,6,1395,14011,2063,1472,1504,7290,1438,9561,1380,9175,58,385,42,279,24,159,12,12
03,11,999,883,48,543,293643,16454,560,11986,7284,11461,9561,10966,9149,495,412,333,277,192,160,12,12
03,12,001,468,42,897,157469,14287,907,10408,7284,9949,9558,9513,9140,436,418,291,279,168,161,12,12
03,12,002,9,0,0,2972,0,0,0,0,0,0,0,0,0,0,0,0,0,0,12,12
03,12,003,19,2,1052,4929,474,961,345,7278,330,9565,314,9101,16,463,9,260,6,173,12,12
03,12,004,40,1,250,12901,344,266,251,7296,240,9561,229,9123,11,438,7,278,4,159,12,12
03,12,005,12,0,0,3453,0,0,0,0,0,0,0,0,0,0,0,0,0,0,12,12
03,12,006,127,0,0,42142,0,0,0,0,0,0,0,0,0,0,0,0,0,0,12,12
03,12,007,19,0,0,5367,0,0,0,0,0,0,0,0,0,0,0,0,0,0,12,12
03,12,008,33,3,909,9016,1022,1133,745,7289,712,9557,681,9140,31,416,21,281,12,161,12,12
03,12,009,6,0,0,1787,0,0,0,0,0,0,0,0,0,0,0,0,0,0,12,12
03,12,010,10,0,0,2434,0,0,0,0,0,0,0,0,0,0,0,0,0,0,12,12
03,12,011,9,0,0,2432,0,0,0,0,0,0,0,0,0,0,0,0,0,0,12,12
03,12,012,40,3,750,12685,560,441,414,7392,397,9589,376,9082,21,507,11,265,6,144,12,12
03,12,013,13,0,0,2596,0,0,0,0,0,0,0,0,0,0,0,0,0,0,12,12
03,12,014,23,0,0,6885,0,0,0,0,0,0,0,0,0,0,0,0,0,0,12,12
03,12,015,15,0,0,3540,0,0,0,0,0,0,0,0,0,0,0,0,0,0,12,12
03,12,016,21,3,1428,6407,1030,1607,751,7291,718,9560,687,9147,31,412,21,279,12,159,12,12
03,12,017,45,3,666,13158,275,208,236,8581,228,9661,207,8771,21,889,6,254,2,84,12,12
03,12,018,18,0,0,4038,0,0,0,0,0,0,0,0,0,0,0,0,0,0,12,12
03,12,999,927,57,614,294211,17992,611,13150,7308,12574,9561,12007,9130,567,431,366,278,210,159,12,12
02,13,001,296,15,506,99112,5060,510,3688,7288,3523,9552,3376,9154,147,398,105,284,60,162,12,17
02,13,002,454,39,859,158179,13628,861,9929,7285,9500,9567,9087,9151,413,415,273,274,156,157,12,17
02,13,003,664,45,677,230206,15591,677,11360,7286,10865,9564,10399,9154,466,410,315,277,180,158,12,17
02,13,004,475,51,1073,163235,17568,1076,12799,7285,12238,9561,11703,9143,535,418,357,278,204,159,12,17
02,13,005,97,8,824,32791,2722,830,1982,7281,1894,9556,1815,9157,79,398,56,282,32,161,12,17
02,13,006,427,33,772,147296,11361,771,8276,7284,7913,9561,7574,9151,339,409,231,279,132,159,12,17
02,13,007,319,21,658,109580,7200,657,5245,7284,5014,9559,4797,9145,217,413,147,280,84,160,12,17
02,13,008,78,3,384,25472,1037,407,755,7280,722,9562,690,9139,32,423,21,278,12,158,12,17
02,13,009,278,21,755,95573,7255,759,5291,7292,5060,9563,4833,9134,227,429,147,277,84,158,12,17
02,13,010,105,0,0,35662,0,0,0,0,0,0,0,0,0,0,0,0,0,0,12,17
02,13,011,130,6,461,44350,2090,471,1522,7282,1456,9566,1392,9145,64,420,42,275,24,157,12,17
02,13,012,121,6,495,41090,2081,506,1517,7289,1451,9564,1382,9110,69,454,42,276,24,158,12,17
02,13,013,80,6,750,26832,2024,754,1476,7292,1411,9559,1350,9146,61,413,41,277,24,162,12,17
02,13,014,45,12,2666,14040,3925,2795,2860,7286,2729,9541,2616,9146,113,395,83,290,48,167,12,17
02,13,015,27,6,2222,8645,2037,2356,1485,7290,1419,9555,1361,9164,58,390,42,282,24,161,12,17
02,13,016,431,36,835,148003,12193,823,8885,7286,8497,9563,8129,9149,368,414,248,279,140,157,12,17
02,13,017,71,6,845,23972,2097,874,1527,7281,1461,9567,1395,9135,66,432,42,275,24,157,12,17
02,13,018,113,12,1061,37947,4003,1054,2917,7287,2787,9554,2665,9136,122,418,82,281,48,164,12,17
02,13,999,4211,326,774,1441985,111872,775,81514,7286,77940,9561,74564,9147,3376,414,2274,278,1300,159,12,17
03,13,001,296,15,506,99112,5060,510,3688,7288,3523,9552,3376,9154,147,398,105,284,60,162,12,17
03,13,002,454,39,859,158179,13628,861,9929,7285,9500,9567,9087,9151,413,415,273,274,156,157,12,17
03,13,003,664,45,677,230206,15591,677,11360,7286,10865,9564,10399,9154,466,410,315,277,180,158,12,17
03,13,004,475,51,1073,163235,17568,1076,12799,7285,12238,9561,11703,9143,535,418,357,278,204,159,12,17
03,13,005,97,8,824,32791,2722,830,1982,7281,1894,9556,1815,9157,79,398,56,282,32,161,12,17
03,13,006,427,33,772,147296,11361,771,8276,7284,7913,9561,7574,9151,339,409,231,279,132,159,12,17
03,13,007,319,21,658,109580,7200,657,5245,7284,5014,9559,4797,9145,217,413,147,280,84,160,12,17
03,13,008,78,3,384,25472,1037,407,755,7280,722,9562,690,9139,32,423,21,278,12,158,12,17
03,13,009,278,21,755,95573,7255,759,5291,7292,5060,9563,4833,9134,227,429,147,277,84,158,12,17
03,13,010,105,0,0,35662,0,0,0,0,0,0,0,0,0,0,0,0,0,0,12,17
03,13,011,130,6,461,44350,2090,471,1522,7282,1456,9566,1392,9145,64,420,42,275,24,157,12,17
03,13,012,121,6,495,41090,2081,506,1517,7289,1451,9564,1382,9110,69,454,42,276,24,158,12,17
03,13,013,80,6,750,26832,2024,754,1476,7292,1411,9559,1350,9146,61,413,41,277,24,162,12,17
03,13,014,45,12,2666,14040,3925,2795,2860,7286,2729,9541,2616,9146,113,395,83,290,48,167,12,17
03,13,015,27,6,2222,8645,2037,2356,1485,7290,1419,9555,1361,9164,58,390,42,282,24,161,12,17
03,13,016,431,36,835,148003,12193,823,8885,7286,8497,9563,8129,9149,368,414,248,279,140,157,12,17
03,13,017,71,6,845,23972,2097,874,1527,7281,1461,9567,1395,9135,66,432,42,275,24,157,12,17
03,13,018,113,12,1061,37947,4003,1054,2917,7287,2787,9554,2665,9136,122,418,82,281,48,164,12,17
03,13,999,4211,326,774,1441985,111872,775,81514,7286,77940,9561,74564,9147,3376,414,2274,278,1300,159,12,17
03,14,001,836,75,897,289681,25687,886,18713,7285,17908,9569,17106,9141,802,428,513,274,292,156,12,17
03,14,002,105,3,285,35807,1046,292,763,7294,730,9567,698,9148,32,419,21,275,12,157,12,17
03,14,003,77,6,779,25600,2017,787,1468,7278,1404,9564,1343,9148,61,415,40,272,24,163,12,17
03,14,004,118,3,254,40157,1042,259,760,7293,727,9565,694,9131,33,434,21,276,12,157,12,17
03,14,005,24,3,1250,7789,1046,1342,762,7284,729,9566,695,9120,34,446,21,275,12,157,12,17
03,14,006,53,3,566,17852,981,549,715,7288,683,9552,647,9048,36,503,20,279,12,167,12,17
03,14,007,140,12,857,48058,4148,863,3023,7287,2891,9563,2762,9136,129,426,84,277,48,158,12,17
03,14,008,262,15,572,90454,5244,579,3821,7286,3656,9568,3491,9136,165,431,105,274,60,157,12,17
03,14,009,116,9,775,39612,3145,793,2290,7281,2191,9567,2095,9148,96,419,63,275,36,157,12,17
03,14,010,132,6,454,44889,1855,413,1351,7283,1294,9578,1233,9126,61,451,37,273,20,148,12,17
03,14,011,71,9,1267,24128,3152,1306,2296,7284,2197,9568,2098,9137,99,431,63,274,36,156,12,17
03,14,012,83,6,722,28371,2091,737,1524,7288,1458,9566,1392,9133,66,433,42,275,24,157,12,17
03,14,013,167,0,0,56779,0,0,0,0,0,0,0,0,0,0,0,0,0,0,12,17
03,14,014,194,15,773,67059,4958,739,3612,7285,3457,9570,3290,9108,167,462,99,274,56,155,12,17
03,14,015,65,3,461,21793,1051,482,766,7288,733,9569,702,9164,31,404,21,274,12,156,12,17
03,14,016,214,12,560,74170,3912,527,2851,7287,2727,9565,2596,9105,131,459,78,273,46,161,12,17
03,14,017,103,6,582,35069,2074,591,1512,7290,1446,9563,1375,9093,71,469,42,277,24,158,12,17
03,14,999,2760,186,673,947268,63449,669,46227,7285,44231,9568,42217,9132,2014,435,1270,274,726,157,12,17
03,15,001,1000,90,900,344288,31053,901,22622,7284,21635,9563,20548,9083,1087,480,627,277,360,159,12,17
03,15,002,101,3,297,33212,1027,309,749,7293,716,9559,681,9092,35,467,21,280,12,160,12,17
03,15,003,43,0,0,14188,0,0,0,0,0,0,0,0,0,0,0,0,0,0,12,17
03,15,004,66,6,909,21679,2087,962,1521,7287,1455,9566,1374,9033,81,532,42,276,24,157,12,17
03,15,005,43,3,697,13434,1038,772,756,7283,723,9563,684,9047,39,515,21,277,12,158,12,17
03,15,006,25,9,3600,7094,2571,3624,1874,7288,1792,9562,1702,9082,90,480,50,266,32,170,12,17
03,15,007,18,3,1666,4643,452,973,361,7986,348,9639,323,8947,25,692,9,249,4,110,12,17
03,15,008,22,0,0,5778,0,0,0,0,0,0,0,0,0,0,0,0,0,0,12,17
03,15,009,22,3,1363,6173,979,1585,713,7282,680,9537,646,9060,34,476,21,294,12,168,12,17
03,15,010,30,3,1000,7972,984,1234,716,7276,683,9539,652,9106,31,432,21,293,12,167,12,17
03,15,011,10,0,0,1580,0,0,0,0,0,0,0,0,0,0,0,0,0,0,12,17
03,15,012,13,0,0,4239,0,0,0,0,0,0,0,0,0,0,0,0,0,0,12,17
03,15,013,16,0,0,3943,0,0,0,0,0,0,0,0,0,0,0,0,0,0,12,17
03,15,014,46,0,0,14705,0,0,0,0,0,0,0,0,0,0,0,0,0,0,12,17
03,15,015,96,6,625,31323,1261,402,935,7414,898,9604,843,9016,55,588,25,267,12,128,12,17
03,15,016,40,3,750,12518,1021,815,744,7286,711,9556,678,9112,33,443,21,282,12,161,12,17
03,15,999,1591,129,810,526769,42473,806,30991,7296,29641,9564,28131,9077,1510,487,858,276,492,158,12,17
03,16,001,172,12,697,55196,3599,652,2621,7282,2508,9568,2410,9194,98,373,71,270,42,160,12,17
03,16,002,17,0,0,5423,0,0,0,0,0,0,0,0,0,0,0,0,0,0,12,17
03,16,003,86,9,1046,29259,3091,1056,2252,7285,2153,9560,2067,9178,86,381,63,279,36,159,12,17
03,16,004,17,0,0,4166,0,0,0,0,0,0,0,0,0,0,0,0,0,0,12,17
03,16,005,12,2,1666,3171,337,1062,245,7270,234,9551,220,8979,14,571,7,285,4,163,12,17
03,16,006,43,4,930,12819,1356,1057,988,7286,945,9564,905,9159,40,404,27,273,16,161,12,17
03,16,007,9,0,0,1392,0,0,0,0,0,0,0,0,0,0,0,0,0,0,12,17
03,16,008,26,3,1153,8046,1039,1291,757,7285,724,9564,692,9141,32,422,21,277,12,158,12,17
03,16,009,363,45,1239,120509,14990,1243,10923,7286,10431,9549,10004,9158,427,390,312,285,180,164,12,17
03,16,010,37,9,2432,12813,3118,2433,2271,7283,2172,9564,2077,9145,95,418,63,277,36,158,12,17
03,16,011,92,6,652,30938,2011,650,1465,7284,1401,9563,1342,9160,59,402,40,273,24,163,12,17
03,16,012,807,66,817,273127,22520,824,16406,7285,15680,9557,15018,9153,662,403,462,281,264,160,12,17
03,16,013,12,2,1666,3386,686,2025,500,7288,478,9559,457,9140,21,420,14,280,8,160,12,17
03,16,999,1693,158,933,560245,52747,941,38428,7285,36726,9557,35192,9157,1534,399,1080,281,622,161,12,17
03,17,001,1290,121,937,441412,41430,938,30188,7286,28857,9559,27507,9111,1350,447,847,280,484,160,12,17
03,17,002,42,6,1428,14189,1675,1180,1246,7438,1195,9590,1139,9141,56,449,33,264,18,144,12,17
03,17,003,121,15,1239,40620,4804,1182,3501,7287,3352,9574,3187,9103,165,471,97,277,52,148,12,17
03,17,004,107,6,560,35309,1997,565,1454,7280,1388,9546,1327,9126,61,419,42,288,24,165,12,17
03,17,005,155,15,967,50254,4983,991,3630,7284,3470,9559,3312,9123,158,435,102,280,58,159,12,17
03,17,006,92,9,978,28347,2915,1028,2122,7279,2026,9547,1926,9076,100,471,60,282,36,169,12,17
03,17,007,346,12,346,118118,4157,351,3030,7288,2898,9564,2757,9099,141,465,84,277,48,158,12,17
03,17,008,399,36,902,135334,12387,915,9026,7286,8634,9565,8216,9102,418,463,250,276,142,157,12,17
03,17,009,25,3,1200,4748,250,526,215,8600,210,9767,190,8837,20,930,5,232,0,0,12,17
03,17,010,36,0,0,8133,0,0,0,0,0,0,0,0,0,0,0,0,0,0,12,17
03,17,011,118,6,508,38901,2080,534,1515,7283,1449,9564,1378,9095,71,468,42,277,24,158,12,17
03,17,012,59,0,0,18718,0,0,0,0,0,0,0,0,0,0,0,0,0,0,12,17
03,17,013,24,2,833,7555,670,886,488,7283,466,9549,445,9118,21,430,14,286,8,163,12,17
03,17,014,14,1,714,3287,340,1034,248,7294,237,9556,226,9112,11,443,7,282,4,161,12,17
03,17,015,85,0,0,25862,0,0,0,0,0,0,0,0,0,0,0,0,0,0,12,17
03,17,016,19,0,0,5595,0,0,0,0,0,0,0,0,0,0,0,0,0,0,12,17
03,17,017,44,6,1363,13658,1864,1364,1357,7280,1299,9572,1234,9093,65,478,38,280,20,147,12,17
03,17,018,23,6,2608,6308,1537,2436,1145,7449,1097,9580,1042,9100,55,480,30,262,18,157,12,17
03,17,019,18,3,1666,4901,527,1075,408,7741,393,9632,366,8970,27,661,11,269,4,98,12,17
03,17,020,25,3,1200,7250,518,714,377,7277,363,9628,338,8965,25,663,10,265,4,106,12,17
03,17,021,113,0,0,36659,0,0,0,0,0,0,0,0,0,0,0,0,0,0,12,17
03,17,022,5,0,0,1482,0,0,0,0,0,0,0,0,0,0,0,0,0,0,12,17
03,17,023,19,0,0,6159,0,0,0,0,0,0,0,0,0,0,0,0,0,0,12,17
03,17,999,3179,250,786,1052799,82134,780,59950,7299,57334,9563,54590,9105,2744,457,1672,278,944,157,12,17
03,18,001,283,30,1060,93533,10126,1082,7376,7284,7050,9558,6830,9259,220,298,206,279,120,162,12,17
03,18,002,126,3,238,43231,1038,240,756,7283,723,9563,699,9246,24,317,21,277,12,158,12,17
03,18,003,196,36,1836,67860,12417,1829,9047,7285,8651,9562,8375,9257,276,305,252,278,144,159,12,17
03,18,004,210,18,857,72362,6230,860,4538,7284,4340,9563,4198,9250,142,312,126,277,72,158,12,17
03,18,005,13,0,0,4369,0,0,0,0,0,0,0,0,0,0,0,0,0,0,12,17
03,18,006,279,30,1075,96285,10408,1080,7584,7286,7254,9564,7015,9249,239,315,210,276,120,158,12,17
03,18,007,27,0,0,9059,0,0,0,0,0,0,0,0,0,0,0,0,0,0,12,17
03,18,008,28,3,1071,9559,984,1029,717,7286,684,9539,666,9288,18,251,21,292,12,167,12,17
03,18,009,27,4,1481,8176,1256,1536,914,7277,872,9540,847,9266,25,273,26,284,16,175,12,17
03,18,010,64,2,312,21126,675,319,492,7288,470,9552,458,9308,12,243,14,284,8,162,12,17
03,18,011,13,0,0,4384,0,0,0,0,0,0,0,0,0,0,0,0,0,0,12,17
03,18,012,133,6,451,45889,2075,452,1513,7291,1447,9563,1399,9246,48,317,42,277,24,158,12,17
03,18,013,58,6,1034,18477,1987,1075,1448,7287,1382,9544,1343,9274,39,269,42,290,24,165,12,17
03,18,014,43,0,0,14037,0,0,0,0,0,0,0,0,0,0,0,0,0,0,12,17
03,18,015,93,6,645,30513,1927,631,1403,7280,1340,9550,1300,9265,40,285,39,277,24,171,12,17
03,18,016,22,6,2727,6602,1776,2690,1294,7286,1235,9544,1198,9258,37,285,37,285,22,170,12,17
03,18,017,63,0,0,19371,0,0,0,0,0,0,0,0,0,0,0,0,0,0,12,17
03,18,018,25,0,0,7667,0,0,0,0,0,0,0,0,0,0,0,0,0,0,12,17
03,18,019,25,0,0,8298,0,0,0,0,0,0,0,0,0,0,0,0,0,0,12,17
03,18,999,1728,150,868,580798,50899,876,37082,7285,35448,9559,34328,9257,1120,302,1036,279,598,161,12,17
03,19,001,567,36,634,187496,12046,642,8774,7283,8385,9556,8026,9147,359,409,245,279,144,164,12,17
03,19,002,48,3,625,12250,951,776,693,7287,663,9567,633,9134,30,432,18,259,12,173,12,17
03,19,003,330,27,818,107297,9086,846,6622,7288,6325,9551,6065,9158,260,392,189,285,108,163,12,17
03,19,004,59,6,1016,19266,1932,1002,1408,7287,1343,9538,1290,9161,53,376,41,291,24,170,12,17
03,19,005,17,3,1764,4185,933,2229,680,7288,650,9558,622,9147,28,411,18,264,12,176,12,17
03,19,006,97,6,618,30403,1992,655,1451,7284,1385,9545,1330,9166,55,379,42,289,24,165,12,17
03,19,007,60,3,500,17269,200,115,161,8050,155,9627,137,8509,18,1118,4,248,2,124,12,17
03,19,008,23,0,0,4043,0,0,0,0,0,0,0,0,0,0,0,0,0,0,12,17
03,19,009,38,3,789,10325,915,886,667,7289,637,9550,612,9175,25,374,18,269,12,179,12,17
03,19,999,1239,87,702,392534,28055,714,20456,7291,19543,9553,18715,9148,828,404,575,281,338,165,12,17
03,20,001,328,9,274,96523,2707,280,1973,7288,1883,9543,1790,9072,93,471,54,273,36,182,12,17
03,20,002,35,0,0,9913,0,0,0,0,0,0,0,0,0,0,0,0,0,0,12,17
03,20,003,35,0,0,9946,0,0,0,0,0,0,0,0,0,0,0,0,0,0,12,17
03,20,004,17,7,4117,4228,1773,4193,1302,7343,1244,9554,1180,9062,64,491,36,276,22,168,12,17
03,20,005,41,2,487,11303,594,525,433,7289,413,9538,392,9053,21,484,12,277,8,184,12,17
03,20,006,69,6,869,20281,1796,885,1309,7288,1249,9541,1188,9075,61,466,36,275,24,183,12,17
03,20,007,350,24,685,103844,7178,691,5233,7290,4993,9541,4749,9075,244,466,144,275,96,183,12,17
03,20,999,875,48,548,256038,14048,548,10250,7296,9782,9543,9299,9072,483,471,282,275,186,181,12,17
02,21,001,113,6,530,38755,1993,514,1451,7280,1389,9572,1304,8986,85,585,40,275,22,151,12,17
02,21,002,215,21,976,71704,7373,1028,5372,7286,5141,9569,4832,8994,309,575,147,273,84,156,12,17
02,21,003,451,39,864,148462,12387,834,9048,7304,8665,9576,8121,8975,544,601,245,270,138,152,12,17
02,21,004,225,9,400,75520,2505,331,1824,7281,1748,9583,1636,8969,112,614,50,274,26,142,12,17
02,21,005,60,12,2000,19471,3880,1992,2827,7286,2705,9568,2538,8977,167,590,78,275,44,155,12,17
02,21,006,489,33,674,165374,11294,682,8244,7299,7891,9571,7409,8987,482,584,225,272,128,155,12,17
02,21,007,458,45,982,151165,14640,968,10711,7316,10254,9573,9634,8994,620,578,293,273,164,153,12,17
02,21,008,174,9,517,58853,2831,481,2061,7280,1972,9568,1845,8951,127,616,57,276,32,155,12,17
02,21,009,1294,111,857,446961,38033,850,27709,7285,26516,9569,24915,8991,1601,577,759,273,434,156,12,17
02,21,011,276,33,1195,89174,10634,1192,7783,7318,7451,9573,6985,8974,466,598,212,272,120,154,12,17
02,21,012,81,6,740,26138,2023,773,1475,7291,1413,9579,1324,8976,89,603,40,271,22,149,12,17
02,21,013,3007,243,808,1040292,84120,808,61300,7287,58667,9570,55108,8989,3559,580,1677,273,956,155,12,17
02,21,016,186,27,1451,59325,7960,1341,5806,7293,5561,9578,5193,8944,368,633,157,270,88,151,12,17
02,21,017,88,9,1022,27382,3158,1153,2301,7286,2202,9569,2070,8996,132,573,63,273,36,156,12,17
02,21,018,211,15,710,69400,4867,701,3544,7281,3391,9568,3173,8953,218,615,97,273,56,158,12,17
02,21,019,117,18,1538,36618,6065,1656,4417,7282,4228,9572,3970,8988,258,584,121,273,68,153,12,17
02,21,020,440,30,681,151344,10537,696,7676,7284,7346,9570,6900,8989,446,581,210,273,120,156,12,17
02,21,021,162,6,370,54619,1867,341,1360,7284,1303,9580,1220,8970,83,610,37,272,20,147,12,17
02,21,022,145,15,1034,45583,4816,1056,3531,7331,3381,9575,3166,8966,215,608,96,271,54,152,12,17
02,21,999,8192,687,838,2776140,230983,832,168440,7292,161224,9571,151343,8984,9881,586,4604,273,2612,155,12,17
03,21,001,113,6,530,38755,1993,514,1451,7280,1389,9572,1304,8986,85,585,40,275,22,151,12,17
03,21,002,215,21,976,71704,7373,1028,5372,7286,5141,9569,4832,8994,309,575,147,273,84,156,12,17
03,21,003,451,39,864,148462,12387,834,9048,7304,8665,9576,8118,8972,547,604,245,270,138,152,12,17
03,21,004,225,9,400,75520,2505,331,1824,7281,1748,9583,1631,8941,117,641,50,274,26,142,12,17
03,21,005,60,12,2000,19471,3880,1992,2827,7286,2705,9568,2536,8970,169,597,78,275,44,155,12,17
03,21,006,489,33,674,165374,11294,682,8244,7299,7891,9571,7409,8987,482,584,225,272,128,155,12,17
03,21,007,458,45,982,151165,14640,968,10711,7316,10254,9573,9632,8992,622,580,293,273,164,153,12,17
03,21,008,174,9,517,58853,2831,481,2061,7280,1972,9568,1843,8942,129,625,57,276,32,155,12,17
03,21,009,1294,111,857,446961,38033,850,27709,7285,26516,9569,24910,8989,1606,579,759,273,434,156,12,17
03,21,011,276,33,1195,89174,10634,1192,7783,7318,7451,9573,6982,8970,469,602,212,272,120,154,12,17
03,21,012,81,6,740,26138,2023,773,1475,7291,1413,9579,1324,8976,89,603,40,271,22,149,12,17
03,21,013,3007,243,808,1040292,84120,808,61300,7287,58667,9570,55105,8989,3562,581,1677,273,956,155,12,17
03,21,016,186,27,1451,59325,7960,1341,5806,7293,5561,9578,5191,8940,370,637,157,270,88,151,12,17
03,21,017,88,9,1022,27382,3158,1153,2301,7286,2202,9569,2070,8996,132,573,63,273,36,156,12,17
03,21,018,211,15,710,69400,4867,701,3544,7281,3391,9568,3173,8953,218,615,97,273,56,158,12,17
03,21,019,117,18,1538,36618,6065,1656,4417,7282,4228,9572,3968,8983,260,588,121,273,68,153,12,17
03,21,020,440,30,681,151344,10537,696,7676,7284,7346,9570,6900,8989,446,581,210,273,120,156,12,17
03,21,021,162,6,370,54619,1867,341,1360,7284,1303,9580,1220,8970,83,610,37,272,20,147,12,17
03,21,022,145,15,1034,45583,4816,1056,3531,7331,3381,9575,3166,8966,215,608,96,271,54,152,12,17
03,21,999,8192,687,838,2776140,230983,832,168440,7292,161224,9571,151314,8983,9910,588,4604,273,2612,155,12,17
03,22,001,713,42,589,245251,14552,593,10606,7288,10144,9564,9699,9144,445,419,294,277,168,158,12,17
03,22,002,57,12,2105,18938,4058,2142,2957,7286,2825,9553,2711,9168,114,385,84,284,48,162,12,17
03,22,003,23,0,0,7291,0,0,0,0,0,0,0,0,0,0,0,0,0,0,12,17
03,22,004,43,3,697,13906,1037,745,756,7290,723,9563,691,9140,32,423,21,277,12,158,12,17
03,22,005,34,3,882,10353,650,627,474,7292,455,9599,430,9071,25,527,13,274,6,126,12,17
03,22,006,379,33,870,127800,11484,898,8367,7285,8004,9566,7653,9146,351,419,231,276,132,157,12,17
03,22,007,25,3,1200,8041,1023,1272,745,7282,712,9557,685,9194,27,362,21,281,12,161,12,17
03,22,008,75,21,2800,24952,6899,2764,5026,7285,4805,9560,4592,9136,213,423,139,276,82,163,12,17
03,22,009,97,9,927,31167,2991,959,2179,7285,2083,9559,1992,9141,91,417,60,275,36,165,12,17
03,22,010,47,0,0,14845,0,0,0,0,0,0,0,0,0,0,0,0,0,0,12,17
03,22,011,25,3,1200,7409,952,1284,693,7279,663,9567,633,9134,30,432,18,259,12,173,12,17
03,22,012,40,3,750,12209,852,697,620,7276,590,9516,558,9000,32,516,18,290,12,193,12,17
03,22,013,60,3,500,18634,1027,551,748,7283,715,9558,687,9184,28,374,21,280,12,160,12,17
03,22,014,44,0,0,13961,0,0,0,0,0,0,0,0,0,0,0,0,0,0,12,17
03,22,015,6,0,0,1064,0,0,0,0,0,0,0,0,0,0,0,0,0,0,12,17
03,22,016,89,9,1011,28182,2346,832,1720,7331,1645,9563,1562,9081,83,482,47,273,28,162,12,17
03,22,017,43,3,697,13055,623,477,473,7592,454,9598,427,9027,27,570,13,274,6,126,12,17
03,22,018,57,9,1578,18195,2881,1583,2099,7285,2003,9542,1909,9094,94,447,60,285,36,171,12,17
03,22,019,31,3,967,8560,527,615,383,7267,370,9660,347,9060,23,600,9,234,4,104,12,17
03,22,020,14,0,0,3872,0,0,0,0,0,0,0,0,0,0,0,0,0,0,12,17
03,22,021,116,15,1293,39603,5137,1297,3741,7282,3578,9564,3424,9152,154,411,103,275,60,160,12,17
03,22,022,150,9,600,50296,3126,621,2279,7290,2180,9565,2077,9113,103,451,63,276,36,157,12,17
03,22,023,24,0,0,7569,0,0,0,0,0,0,0,0,0,0,0,0,0,0,12,17
03,22,024,26,0,0,7806,0,0,0,0,0,0,0,0,0,0,0,0,0,0,12,17
03,22,025,32,3,937,9365,984,1050,717,7286,684,9539,655,9135,29,404,21,292,12,167,12,17
03,22,026,12,0,0,3268,0,0,0,0,0,0,0,0,0,0,0,0,0,0,12,17
03,22,027,104,2,192,35200,606,172,441,7277,421,9546,403,9138,18,408,12,272,8,181,12,17
03,22,999,2366,188,794,780792,61755,790,45024,7290,43054,9562,41135,9136,1919,426,1248,277,722,160,12,17
02,23,001,1316,76,577,452140,26137,578,19043,7285,18207,9560,17279,9073,928,487,532,279,304,159,12,17
02,23,002,160,0,0,54640,0,0,0,0,0,0,0,0,0,0,0,0,0,0,12,17
02,23,003,94,3,319,31110,1050,337,765,7285,732,9568,696,9098,36,470,21,274,12,156,12,17
02,23,004,168,12,714,55701,3942,707,2871,7283,2745,9561,2607,9080,138,480,80,278,46,160,12,17
02,23,005,203,15,738,68439,5189,758,3781,7286,3616,9563,3436,9087,180,476,105,277,60,158,12,17
02,23,006,147,18,1224,49751,6157,1237,4484,7282,4287,9560,4066,9067,221,492,125,278,72,160,12,17
02,23,007,77,6,779,25981,2079,800,1514,7282,1448,9564,1370,9048,78,515,42,277,24,158,12,17
02,23,008,53,12,2264,16380,3626,2213,2640,7280,2520,9545,2387,9041,133,503,74,280,46,174,12,17
02,23,009,38,3,789,11701,983,840,716,7283,683,9539,647,9036,36,502,21,293,12,167,12,17
02,23,010,90,18,2000,28201,6121,2170,4459,7284,4261,9555,4052,9087,209,468,126,282,72,161,12,17
02,23,011,149,18,1208,49057,5849,1192,4263,7288,4072,9551,3871,9080,201,471,119,279,72,168,12,17
02,23,012,488,24,491,164478,8352,507,6084,7284,5820,9566,5518,9069,302,496,168,276,96,157,12,17
02,23,013,114,3,263,35949,936,260,682,7286,651,9545,620,9090,31,454,19,278,12,175,12,17
02,23,014,52,6,1153,15925,1877,1178,1368,7288,1305,9539,1235,9027,70,511,39,285,24,175,12,17
02,23,015,219,18,821,76001,6240,821,4544,7282,4346,9564,4135,9099,211,464,126,277,72,158,12,17
02,23,016,346,42,1213,118067,14259,1207,10389,7285,9936,9563,9407,9054,529,509,289,278,164,157,12,17
02,23,017,47,6,1276,15300,2008,1312,1462,7280,1396,9548,1330,9097,66,451,42,287,24,164,12,17
02,23,999,3761,280,744,1268821,94805,747,69065,7284,66025,9559,62656,9072,3369,487,1928,279,1112,161,12,17
03,23,001,1316,76,577,452140,26137,578,19043,7285,18207,9560,17279,9073,928,487,532,279,304,159,12,17
03,23,002,160,0,0,54640,0,0,0,0,0,0,0,0,0,0,0,0,0,0,12,17
03,23,003,94,3,319,31110,1050,337,765,7285,732,9568,696,9098,36,470,21,274,12,156,12,17
03,23,004,168,12,714,55701,3942,707,2871,7283,2745,9561,2607,9080,138,480,80,278,46,160,12,17
03,23,005,203,15,738,68439,5189,758,3781,7286,3616,9563,3436,9087,180,476,105,277,60,158,12,17
03,23,006,147,18,1224,49751,6157,1237,4484,7282,4287,9560,4066,9067,221,492,125,278,72,160,12,17
03,23,007,77,6,779,25981,2079,800,1514,7282,1448,9564,1370,9048,78,515,42,277,24,158,12,17
03,23,008,53,12,2264,16380,3626,2213,2640,7280,2520,9545,2387,9041,133,503,74,280,46,174,12,17
03,23,009,38,3,789,11701,983,840,716,7283,683,9539,647,9036,36,502,21,293,12,167,12,17
03,23,010,90,18,2000,28201,6121,2170,4459,7284,4261,9555,4052,9087,209,468,126,282,72,161,12,17
03,23,011,149,18,1208,49057,5849,1192,4263,7288,4072,9551,3871,9080,201,471,119,279,72,168,12,17
03,23,012,488,24,491,164478,8352,507,6084,7284,5820,9566,5518,9069,302,496,168,276,96,157,12,17
03,23,013,114,3,263,35949,936,260,682,7286,651,9545,620,9090,31,454,19,278,12,175,12,17
03,23,014,52,6,1153,15925,1877,1178,1368,7288,1305,9539,1235,9027,70,511,39,285,24,175,12,17
03,23,015,219,18,821,76001,6240,821,4544,7282,4346,9564,4135,9099,211,464,126,277,72,158,12,17
03,23,016,346,42,1213,118067,14259,1207,10389,7285,9936,9563,9407,9054,529,509,289,278,164,157,12,17
03,23,017,47,6,1276,15300,2008,1312,1462,7280,1396,9548,1330,9097,66,451,42,287,24,164,12,17
03,23,999,3761,280,744,1268821,94805,747,69065,7284,66025,9559,62656,9072,3369,487,1928,279,1112,161,12,17
03,24,001,213,12,563,62066,3520,567,2564,7284,2444,9531,2340,9126,104,405,72,280,48,187,12,17
03,24,002,250,15,600,73781,4464,605,3251,7282,3101,9538,2962,9111,139,427,90,276,60,184,12,17
03,24,005,18,0,0,5168,0,0,0,0,0,0,0,0,0,0,0,0,0,0,12,17
03,24,999,481,27,561,141015,7984,566,5815,7283,5545,9535,5302,9117,243,417,162,278,108,185,12,17
